idserie,0, true last 0.1892792557355013 forecast,0.01661647768714003, error 0.17266277804836128 forecast value = 16.112505607043925 actual 15.0 error 1.112505607043925
idserie,1, true last 0.1892792557355013 forecast,0.001003409183075369, error 0.18827584655242594 forecast value = 11.487025522009516 actual 11.270993849543272 error 0.21603167246624366
idserie,2, true last 0.1892792557355013 forecast,0.007446555522971838, error 0.18183270021252948 forecast value = 15.800991360497493 actual 15.84266825529546 error -0.04167689479796621
idserie,3, true last 0.1892792557355013 forecast,0.03120019523531235, error 0.15807906050018897 forecast value = 34.40480221945317 actual 31.112706712301872 error 3.292095507151295
idserie,4, true last 0.1892792557355013 forecast,-0.014843706772179208, error 0.20412296250768053 forecast value = 5.7382000501479835 actual 5.989896689538711 error -0.25169663939072784
idserie,5, true last 0.1892792557355013 forecast,0.04768947833842565, error 0.14158977739707565 forecast value = 46.59035371246265 actual 40.37940285191618 error 6.210950860546468
idserie,6, true last 0.1892792557355013 forecast,0.0036308337605577157, error 0.18564842197494358 forecast value = 9.066411817677698 actual 8.756797768452286 error 0.3096140492254129
idserie,7, true last 0.1892792557355013 forecast,0.004821396124751905, error 0.1844578596107494 forecast value = 12.012701953182939 actual 11.834126516192358 error 0.17857543699058098
idserie,8, true last 0.1892792557355013 forecast,0.016941410251680483, error 0.17233784548382083 forecast value = 17.757379273200264 actual 16.890558149483716 error 0.866821123716548
idserie,9, true last 0.1892792557355013 forecast,0.017927627700566755, error 0.17135162803493456 forecast value = 21.167154449253037 actual 20.06435434069786 error 1.1028001085551757
idserie,10, true last 0.1892792557355013 forecast,0.02779964799239983, error 0.16147960774310147 forecast value = 27.877288169336747 actual 25.38436797088328 error 2.4929201984534686
idserie,11, true last 0.1892792557355013 forecast,-0.011262054501919461, error 0.20054131023742078 forecast value = 7.107524993963082 actual 7.368293568847813 error -0.2607685748847306
idserie,12, true last 0.1892792557355013 forecast,0.04870849568205175, error 0.14057076005344954 forecast value = 56.252633975744644 actual 47.896503031026135 error 8.356130944718508
idserie,13, true last 0.1892792557355013 forecast,0.007427570126905356, error 0.18185168560859594 forecast value = 10.811864093647122 actual 10.571743046087796 error 0.24012104755932562
idserie,14, true last 0.1892792557355013 forecast,0.0313237345866205, error 0.1579555211488808 forecast value = 32.5948547188954 actual 30.428875174827436 error 2.1659795440679623
idserie,15, true last 0.1892792557355013 forecast,0.03241133405379571, error 0.1568679216817056 forecast value = 26.48514152812158 actual 23.981426420161384 error 2.503715107960197
idserie,16, true last 0.1892792557355013 forecast,-0.0027942816854479692, error 0.19207353742094926 forecast value = 8.813096376732883 actual 8.82365251686439 error -0.010556140131507519
idserie,17, true last 0.1892792557355013 forecast,0.005585095471385913, error 0.1836941602641154 forecast value = 13.174437550286875 actual 13.010537279994441 error 0.1639002702924337
idserie,18, true last 0.1892792557355013 forecast,0.024814979780791276, error 0.16446427595471003 forecast value = 19.96817202093667 actual 18.509029192655078 error 1.4591428282815926
idserie,19, true last 0.1892792557355013 forecast,-0.0006025117006923233, error 0.18988176743619362 forecast value = 11.567609001212015 actual 11.381806166420395 error 0.18580283479161963
idserie,20, true last 0.1892792557355013 forecast,0.06871114651263113, error 0.12056810922287017 forecast value = 26.897496646809888 actual 25.810344022073252 error 1.0871526247366354
idserie,21, true last 0.1892792557355013 forecast,0.015678438981017957, error 0.17360081675448336 forecast value = 16.4568487639469 actual 15.802585245842538 error 0.6542635181043632
idserie,22, true last 0.1892792557355013 forecast,0.003809035960220232, error 0.18547021977528108 forecast value = 12.280958110208738 actual 12.165724723509395 error 0.11523338669934269
idserie,23, true last 0.1892792557355013 forecast,-0.0015401350798434983, error 0.1908193908153448 forecast value = 10.797719580241703 actual 10.821629951171893 error -0.02391037093019044
idserie,24, true last 0.1892792557355013 forecast,-0.006355380737981459, error 0.19563463647348275 forecast value = 9.12294798159653 actual 9.246084856890231 error -0.12313687529370121
idserie,25, true last 0.1892792557355013 forecast,-0.0064084569628665745, error 0.19568771269836788 forecast value = 6.333203173671657 actual 6.14153070521258 error 0.19167246845907648
idserie,26, true last 0.1892792557355013 forecast,-0.006177189523242881, error 0.1954564452587442 forecast value = 7.576919943967686 actual 7.6106139202485465 error -0.03369397628086013
idserie,27, true last 0.1892792557355013 forecast,0.002064787349962619, error 0.18721446838553868 forecast value = 11.162776456310592 actual 11.109030790534009 error 0.05374566577658335
idserie,28, true last 0.1892792557355013 forecast,0.027295791763055233, error 0.16198346397244606 forecast value = 27.292243591931456 actual 25.18872819001377 error 2.1035154019176865
idserie,29, true last 0.1892792557355013 forecast,0.0022841872854220905, error 0.1869950684500792 forecast value = 11.21543064723511 actual 11.161657013206838 error 0.05377363402827129
idserie,30, true last 0.1892792557355013 forecast,0.010056155394762486, error 0.17922310034073882 forecast value = 15.601119824902778 actual 15.096839322180298 error 0.5042805027224802
idserie,31, true last 0.1892792557355013 forecast,0.01682678644581451, error 0.1724524692896868 forecast value = 16.869853959971056 actual 16.521767020697755 error 0.34808693927330125
idserie,32, true last 0.1892792557355013 forecast,0.014082212865176524, error 0.17519704287032478 forecast value = 30.193235496222382 actual 25.779492239499806 error 4.413743256722576
idserie,33, true last 0.1892792557355013 forecast,0.01918217225469742, error 0.17009708348080388 forecast value = 18.10549150965481 actual 17.16883930244431 error 0.9366522072104999
idserie,34, true last 0.1892792557355013 forecast,0.023716904859618155, error 0.16556235087588314 forecast value = 23.560753500366776 actual 22.24946799888922 error 1.3112855014775562
idserie,35, true last 0.1892792557355013 forecast,0.010569288500334843, error 0.17870996723516647 forecast value = 10.426010843659624 actual 9.551885376414589 error 0.8741254672450349
idserie,36, true last 0.1892792557355013 forecast,0.009239096521795179, error 0.18004015921370614 forecast value = 13.289154724102723 actual 12.9356694078166 error 0.3534853162861218
idserie,37, true last 0.1892792557355013 forecast,0.01693076465415175, error 0.17234849108134956 forecast value = 17.815810972364496 actual 16.85298020780008 error 0.9628307645644156
idserie,38, true last 0.1892792557355013 forecast,0.011122084055902823, error 0.1781571716795985 forecast value = 14.63295648815438 actual 14.281165635719741 error 0.3517908524346378
idserie,39, true last 0.1892792557355013 forecast,0.006709557743400786, error 0.18256969799210052 forecast value = 13.654431993198411 actual 13.385082180609366 error 0.269349812589045
idserie,40, true last 0.1892792557355013 forecast,0.02062475341877265, error 0.16865450231672865 forecast value = 16.65890763341122 actual 15.475117420859357 error 1.1837902125518642
idserie,41, true last 0.1892792557355013 forecast,0.031347324984977144, error 0.15793193075052417 forecast value = 32.046987658977045 actual 29.27120242217702 error 2.7757852368000258
idserie,42, true last 0.1892792557355013 forecast,0.010023525003499241, error 0.17925573073200207 forecast value = 14.147526795268458 actual 13.845961122191696 error 0.3015656730767624
idserie,43, true last 0.1892792557355013 forecast,-0.017654285567638497, error 0.2069335413031398 forecast value = 5.464238546662203 actual 5.836357612609494 error -0.37211906594729083
idserie,44, true last 0.1892792557355013 forecast,0.02128357681533118, error 0.16799567892017012 forecast value = 19.062623130144154 actual 18.267197245505145 error 0.795425884639009
idserie,45, true last 0.1892792557355013 forecast,0.026221456721025153, error 0.16305779901447615 forecast value = 26.025562129142628 actual 24.058149160118322 error 1.9674129690243056
idserie,46, true last 0.1892792557355013 forecast,0.01702297518060978, error 0.17225628055489153 forecast value = 13.309507930739738 actual 13.340363871399424 error -0.030855940659686
idserie,47, true last 0.1892792557355013 forecast,-0.07275081582565072, error 0.26203007156115204 forecast value = 10.061975517607944 actual 10.866780241448039 error -0.8048047238400944
idserie,48, true last 0.1892792557355013 forecast,0.01953764629861841, error 0.1697416094368829 forecast value = 18.22149532851604 actual 16.78832935603517 error 1.433165972480868
idserie,49, true last 0.1892792557355013 forecast,0.02314478898060365, error 0.16613446675489765 forecast value = 23.28103899381172 actual 21.751930675207223 error 1.5291083186044965
idserie,50, true last 0.1892792557355013 forecast,-0.019972656293414243, error 0.20925191202891555 forecast value = 4.970819390900775 actual 5.267676683960717 error -0.2968572930599418
idserie,51, true last 0.1892792557355013 forecast,0.01743756234036219, error 0.1718416933951391 forecast value = 21.54049469936799 actual 20.291743630368565 error 1.2487510689994252
idserie,52, true last 0.1892792557355013 forecast,0.008570905964786909, error 0.1807083497707144 forecast value = 12.237702709803147 actual 12.010831745245929 error 0.226870964557218
idserie,53, true last 0.1892792557355013 forecast,-0.0009063700396141155, error 0.1901856257751154 forecast value = 9.110945984975716 actual 9.01833820968993 error 0.09260777528578679
idserie,54, true last 0.1892792557355013 forecast,0.024802501883393217, error 0.16447675385210808 forecast value = 27.966558805534305 actual 26.265270086312132 error 1.7012887192221733
idserie,55, true last 0.1892792557355013 forecast,0.03871706443017881, error 0.1505621913053225 forecast value = 40.73911369055417 actual 36.33704596106594 error 4.40206772948823
idserie,56, true last 0.1892792557355013 forecast,-0.01736253157686608, error 0.20664178731236738 forecast value = 5.472514728052805 actual 5.746574849395737 error -0.2740601213429317
idserie,57, true last 0.1892792557355013 forecast,-0.02607547764475082, error 0.21535473338025213 forecast value = 3.7905745356461256 actual 4.099291382085948 error -0.3087168464398222
idserie,58, true last 0.1892792557355013 forecast,0.03352367921981722, error 0.15575557651568409 forecast value = 33.08109071838877 actual 30.05258177933206 error 3.0285089390567137
idserie,59, true last 0.1892792557355013 forecast,0.003177057639373419, error 0.18610219809612788 forecast value = 12.184154329230878 actual 11.8329765096819 error 0.35117781954897787
idserie,60, true last 0.1892792557355013 forecast,0.008185376066164386, error 0.18109387966933693 forecast value = 13.788248204455469 actual 13.44268090471065 error 0.34556729974481826
idserie,61, true last 0.1892792557355013 forecast,-0.0117171746143687, error 0.20099643034987 forecast value = 6.974363250902759 actual 7.341145637828572 error -0.3667823869258129
idserie,62, true last 0.1892792557355013 forecast,-0.0014507045835657954, error 0.1907299603190671 forecast value = 9.760367915534976 actual 9.784956145946685 error -0.024588230411708878
idserie,63, true last 0.1892792557355013 forecast,0.023422305833232068, error 0.16585694990226924 forecast value = 21.87982657313647 actual 20.3859483058966 error 1.493878267239868
idserie,64, true last 0.1892792557355013 forecast,-0.0021774553335285446, error 0.19145671106902984 forecast value = 8.931693988364351 actual 8.97006516142615 error -0.03837117306179927
idserie,65, true last 0.1892792557355013 forecast,0.018546021910897662, error 0.17073323382460365 forecast value = 18.965053371139163 actual 17.155008242816347 error 1.810045128322816
idserie,66, true last 0.1892792557355013 forecast,0.016040281549764602, error 0.1732389741857367 forecast value = 17.409729475169375 actual 16.4671824520036 error 0.9425470231657762
idserie,67, true last 0.1892792557355013 forecast,0.006060849480074373, error 0.18321840625542693 forecast value = 11.04896492559549 actual 10.77669873510438 error 0.27226619049110923
idserie,68, true last 0.1892792557355013 forecast,0.028232274026853393, error 0.16104698170864792 forecast value = 26.196945200125292 actual 24.092919945993202 error 2.1040252541320896
idserie,69, true last 0.1892792557355013 forecast,0.015492527391456887, error 0.1737867283440444 forecast value = 17.66891877523632 actual 16.70706514271674 error 0.9618536325195812
idserie,70, true last 0.1892792557355013 forecast,-0.010792940464939659, error 0.20007219620044098 forecast value = 7.246630708349279 actual 7.529432570437561 error -0.28280186208828173
idserie,71, true last 0.1892792557355013 forecast,0.026435840252742253, error 0.16284341548275905 forecast value = 21.906171825939513 actual 20.18120459586067 error 1.7249672300788426
idserie,72, true last 0.1892792557355013 forecast,0.0059246042545312355, error 0.18335465148097008 forecast value = 13.400632717358322 actual 13.369822860984453 error 0.030809856373869238
idserie,73, true last 0.1892792557355013 forecast,0.046140172691092066, error 0.14313908304440925 forecast value = 25.628727696317608 actual 21.045842476541253 error 4.5828852197763545
idserie,74, true last 0.1892792557355013 forecast,0.006539563232777308, error 0.182739692502724 forecast value = 11.296069431699456 actual 11.063657221104853 error 0.23241221059460315
idserie,75, true last 0.1892792557355013 forecast,-0.01944657932255534, error 0.20872583505805664 forecast value = 4.359197772384326 actual 4.5601381153852545 error -0.20094034300092822
idserie,76, true last 0.1892792557355013 forecast,0.02561593282320427, error 0.16366332291229704 forecast value = 27.739563488864018 actual 25.839445637490144 error 1.9001178513738743
idserie,77, true last 0.1892792557355013 forecast,0.008496433734878333, error 0.18078282200062298 forecast value = 12.516667459981988 actual 12.207292459522284 error 0.30937500045970445
idserie,78, true last 0.1892792557355013 forecast,-0.011896141256605076, error 0.20117539699210638 forecast value = 7.220578590665796 actual 7.475569425139568 error -0.25499083447377213
idserie,79, true last 0.1892792557355013 forecast,0.013955134383061845, error 0.17532412135243947 forecast value = 18.317919424019973 actual 17.86959669750548 error 0.448322726514494
idserie,80, true last 0.1892792557355013 forecast,0.03867196214248091, error 0.15060729359302039 forecast value = 36.16075108146 actual 32.34282669369791 error 3.8179243877620905
idserie,81, true last 0.1892792557355013 forecast,0.015052274797383716, error 0.1742269809381176 forecast value = 15.735313670860883 actual 15.148575548411687 error 0.5867381224491961
idserie,82, true last 0.1892792557355013 forecast,0.013941218058949302, error 0.175338037676552 forecast value = 15.793293750491866 actual 15.29307781381119 error 0.5002159366806769
idserie,83, true last 0.1892792557355013 forecast,-0.002871955121165939, error 0.19215121085666725 forecast value = 8.751827143751386 actual 8.933900591858237 error -0.18207344810685022
idserie,84, true last 0.1892792557355013 forecast,-0.00044035006053187806, error 0.1897196057960332 forecast value = 8.747411614091181 actual 8.750314666866792 error -0.0029030527756113145
idserie,85, true last 0.1892792557355013 forecast,-0.0055215728154511656, error 0.19480082855095246 forecast value = 8.016624683973701 actual 8.339279825525102 error -0.32265514155140096
idserie,86, true last 0.1892792557355013 forecast,-0.0075363412108869375, error 0.19681559694638825 forecast value = 6.422153832476387 actual 6.606936495152467 error -0.18478266267607957
idserie,87, true last 0.1892792557355013 forecast,0.015467007195076793, error 0.1738122485404245 forecast value = 17.59897043759337 actual 16.705446647407147 error 0.8935237901862223
idserie,88, true last 0.1892792557355013 forecast,-0.001751367006925924, error 0.19103062274242724 forecast value = 8.24921191511703 actual 8.180734010960524 error 0.06847790415650579
idserie,89, true last 0.1892792557355013 forecast,0.026104215274757044, error 0.16317504046074427 forecast value = 26.643674506232127 actual 23.72363684726878 error 2.9200376589633485
idserie,90, true last 0.1892792557355013 forecast,0.0033912933782567303, error 0.18588796235724458 forecast value = 10.581312487142057 actual 10.444264965085841 error 0.13704752205621595
idserie,91, true last 0.1892792557355013 forecast,0.03908302099931534, error 0.15019623473618596 forecast value = 34.212156295804604 actual 29.98908869413897 error 4.223067601665633
idserie,92, true last 0.1892792557355013 forecast,0.030476846412722015, error 0.15880240932277928 forecast value = 32.698349328051776 actual 29.931300647681653 error 2.7670486803701237
idserie,93, true last 0.1892792557355013 forecast,0.015898567837276563, error 0.17338068789822475 forecast value = 17.75365857137145 actual 16.918854113852127 error 0.8348044575193221
idserie,94, true last 0.1892792557355013 forecast,0.03850170934754235, error 0.15077754638795896 forecast value = 26.54330784825117 actual 24.146720541104838 error 2.3965873071463335
idserie,95, true last 0.1892792557355013 forecast,0.018498080273967814, error 0.17078117546153349 forecast value = 22.433225366292604 actual 21.375772561274573 error 1.0574528050180305
idserie,96, true last 0.1892792557355013 forecast,0.011925083762594832, error 0.17735417197290648 forecast value = 17.733841755208303 actual 17.193199526386834 error 0.5406422288214685
idserie,97, true last 0.1892792557355013 forecast,-0.0013521316485998176, error 0.19063138738410113 forecast value = 8.741484217577787 actual 8.792341157944305 error -0.050856940366518444
idserie,98, true last 0.1892792557355013 forecast,0.008857177506501984, error 0.18042207822899933 forecast value = 13.137322424116325 actual 12.689336950070416 error 0.44798547404590927
idserie,99, true last 0.1892792557355013 forecast,-0.005100274995107448, error 0.19437953073060876 forecast value = 7.665633874304961 actual 7.67440295999163 error -0.008769085686669342
idserie,100, true last 0.1892792557355013 forecast,0.01468166934865752, error 0.17459758638684378 forecast value = 15.922378594459904 actual 15.348261256011934 error 0.5741173384479694
idserie,101, true last 0.1892792557355013 forecast,-0.044149741500053255, error 0.23342899723555455 forecast value = 1.8129609783812772 actual 2.074117094053651 error -0.2611561156723736
idserie,102, true last 0.1892792557355013 forecast,0.02134253693818856, error 0.16793671879731276 forecast value = 23.2974189697358 actual 21.98740110385367 error 1.3100178658821306
idserie,103, true last 0.1892792557355013 forecast,-0.004400433189265364, error 0.19367968892476667 forecast value = 6.564295266764138 actual 6.471138829468468 error 0.09315643729567036
idserie,104, true last 0.1892792557355013 forecast,0.007933415666594548, error 0.18134584006890675 forecast value = 11.59118752643669 actual 11.282137404496968 error 0.3090501219397215
idserie,105, true last 0.1892792557355013 forecast,0.003269473658094205, error 0.1860097820774071 forecast value = 10.262445359967401 actual 9.889118682469345 error 0.37332667749805637
idserie,106, true last 0.1892792557355013 forecast,-0.012725459487925318, error 0.2020047152234266 forecast value = 5.469355593906653 actual 5.569143726024198 error -0.09978813211754467
idserie,107, true last 0.1892792557355013 forecast,0.0054984669878797784, error 0.18378078874762152 forecast value = 12.21614714273326 actual 11.99362192208412 error 0.22252522064913904
idserie,108, true last 0.1892792557355013 forecast,0.004161770926536707, error 0.1851174848089646 forecast value = 11.071446236186539 actual 10.625592339761557 error 0.44585389642498185
idserie,109, true last 0.1892792557355013 forecast,-0.01448153545767953, error 0.20376079119318083 forecast value = 9.55892070553436 actual 9.527753774802488 error 0.03116693073187271
idserie,110, true last 0.1892792557355013 forecast,0.02535950986573358, error 0.16391974586976774 forecast value = 28.77965995202937 actual 26.538951766051575 error 2.2407081859777946
idserie,111, true last 0.1892792557355013 forecast,0.015123754901492868, error 0.17415550083400844 forecast value = 18.63333002157447 actual 17.928260207868664 error 0.7050698137058049
idserie,112, true last 0.1892792557355013 forecast,0.01588222676614054, error 0.17339702896936077 forecast value = 17.75075433560718 actual 16.846871096123948 error 0.9038832394832319
idserie,113, true last 0.1892792557355013 forecast,0.006116388732534648, error 0.18316286700296666 forecast value = 11.567816341311362 actual 11.448040629938474 error 0.11977571137288834
idserie,114, true last 0.1892792557355013 forecast,-0.004929597162163819, error 0.19420885289766512 forecast value = 8.957039524088213 actual 9.380093500469462 error -0.4230539763812491
idserie,115, true last 0.1892792557355013 forecast,0.019885918705996177, error 0.16939333702950513 forecast value = 14.114241381749446 actual 12.74836649870053 error 1.3658748830489156
idserie,116, true last 0.1892792557355013 forecast,0.025160172765465397, error 0.1641190829700359 forecast value = 25.259995154896696 actual 23.327721675165648 error 1.9322734797310481
idserie,117, true last 0.1892792557355013 forecast,0.012086847298612926, error 0.17719240843688838 forecast value = 15.605693454549488 actual 15.05669308962348 error 0.5490003649260089
idserie,118, true last 0.1892792557355013 forecast,0.001196056845626395, error 0.1880831988898749 forecast value = 9.106897307309378 actual 9.05857085156836 error 0.04832645574101768
idserie,119, true last 0.1892792557355013 forecast,0.0017232025569295373, error 0.18755605317857177 forecast value = 10.927883167478774 actual 10.865924606278293 error 0.06195856120048049
idserie,120, true last 0.1892792557355013 forecast,0.02680831542914639, error 0.16247094030635492 forecast value = 26.667724387348294 actual 24.461077343426453 error 2.2066470439218406
idserie,121, true last 0.1892792557355013 forecast,0.015535013932535919, error 0.17374424180296538 forecast value = 13.636556122336494 actual 12.869110248815861 error 0.7674458735206322
idserie,122, true last 0.1892792557355013 forecast,0.03567290331397583, error 0.15360635242152548 forecast value = 33.54133946067389 actual 30.034079938344135 error 3.507259522329754
idserie,123, true last 0.1892792557355013 forecast,-0.0038769109005608476, error 0.19315616663606217 forecast value = 7.745961759389267 actual 7.887470161851876 error -0.14150840246260898
idserie,124, true last 0.1892792557355013 forecast,-0.01685200310540038, error 0.2061312588409017 forecast value = 4.55718432827228 actual 4.685423515006866 error -0.12823918673458579
idserie,125, true last 0.1892792557355013 forecast,-0.01592613304523898, error 0.2052053887807403 forecast value = 5.694391854083753 actual 5.960341413321734 error -0.26594955923798125
idserie,126, true last 0.1892792557355013 forecast,0.013713052775538442, error 0.17556620295996286 forecast value = 15.164624454823842 actual 14.97018430414263 error 0.19444015068121168
idserie,127, true last 0.1892792557355013 forecast,-0.0776586877632244, error 0.2669379434987257 forecast value = 7.622704039293544 actual 9.24009155960666 error -1.6173875203131152
idserie,128, true last 0.1892792557355013 forecast,0.0370544286494162, error 0.1522248270860851 forecast value = 31.67343808792393 actual 27.58389056154153 error 4.0895475263824
idserie,129, true last 0.1892792557355013 forecast,0.010310397439704161, error 0.17896885829579715 forecast value = 17.651484466953068 actual 17.4527788188998 error 0.19870564805326651
idserie,130, true last 0.1892792557355013 forecast,0.00021789692679409603, error 0.1890613588087072 forecast value = 9.309877282565894 actual 9.353166701257017 error -0.04328941869112235
idserie,131, true last 0.1892792557355013 forecast,0.008640798537599746, error 0.18063845719790156 forecast value = 14.704558979274076 actual 14.262914191666518 error 0.441644787607558
idserie,132, true last 0.1892792557355013 forecast,0.02802742616837093, error 0.16125182956713038 forecast value = 23.96849997875155 actual 22.09352885518499 error 1.87497112356656
idserie,133, true last 0.1892792557355013 forecast,-0.011047641171189318, error 0.20032689690669062 forecast value = 5.622952909186606 actual 5.812551493041832 error -0.18959858385522654
idserie,134, true last 0.1892792557355013 forecast,0.04182684174755748, error 0.14745241398794384 forecast value = 17.96137538773972 actual 16.148398993514597 error 1.8129763942251245
idserie,135, true last 0.1892792557355013 forecast,-0.018276985981176407, error 0.20755624171667772 forecast value = 5.193824399532151 actual 5.543055345374155 error -0.3492309458420042
idserie,136, true last 0.1892792557355013 forecast,0.006826168726784777, error 0.18245308700871654 forecast value = 13.901831539123092 actual 13.667259039818928 error 0.23457249930416424
idserie,137, true last 0.1892792557355013 forecast,-0.022668726319406477, error 0.21194798205490778 forecast value = 4.518534526843195 actual 4.769321254688752 error -0.2507867278455569
idserie,138, true last 0.1892792557355013 forecast,0.03103904168978274, error 0.15824021404571856 forecast value = 31.75205440186089 actual 29.02559527942442 error 2.72645912243647
idserie,139, true last 0.1892792557355013 forecast,0.015645117408407988, error 0.17363413832709332 forecast value = 17.893623601469525 actual 16.6379680685558 error 1.2556555329137247
idserie,140, true last 0.1892792557355013 forecast,0.025668696705993813, error 0.1636105590295075 forecast value = 21.887413458623797 actual 20.352294514962807 error 1.53511894366099
idserie,141, true last 0.1892792557355013 forecast,0.020569546694814, error 0.1687097090406873 forecast value = 20.83565805961079 actual 19.54081762176259 error 1.294840437848201
idserie,142, true last 0.1892792557355013 forecast,0.030339305148915103, error 0.1589399505865862 forecast value = 24.377825433989717 actual 22.262766135040614 error 2.1150592989491024
idserie,143, true last 0.1892792557355013 forecast,-0.010427903701295246, error 0.19970715943679657 forecast value = 19.5030816887835 actual 17.68385276538481 error 1.8192289233986898
idserie,144, true last 0.1892792557355013 forecast,0.03822502001410062, error 0.1510542357214007 forecast value = 36.879772581341435 actual 33.07054563412517 error 3.809226947216267
idserie,145, true last 0.1892792557355013 forecast,-0.029062236982819706, error 0.218341492718321 forecast value = 3.615184181856824 actual 3.96750498876312 error -0.3523208069062962
idserie,146, true last 0.1892792557355013 forecast,0.023413428580609533, error 0.1658658271548918 forecast value = 19.234057612702188 actual 17.92913392978502 error 1.3049236829171669
idserie,147, true last 0.1892792557355013 forecast,-0.05234478639474539, error 0.24162404213024669 forecast value = 1.5369120761295416 actual 1.7667049710936948 error -0.22979289496415323
idserie,148, true last 0.1892792557355013 forecast,-0.004257217528955507, error 0.1935364732644568 forecast value = 7.701160904861085 actual 7.732393228940291 error -0.031232324079205398
idserie,149, true last 0.1892792557355013 forecast,-0.0009320922045118901, error 0.1902113479400132 forecast value = 8.897100505044707 actual 8.772340630355318 error 0.12475987468938854
idserie,150, true last 0.1892792557355013 forecast,0.000996219538693059, error 0.18828303619680825 forecast value = 8.466344604510239 actual 8.396307405628704 error 0.07003719888153448
idserie,151, true last 0.1892792557355013 forecast,0.04175861495637432, error 0.147520640779127 forecast value = 11.299381546048295 actual 11.14748408657745 error 0.15189745947084532
idserie,152, true last 0.1892792557355013 forecast,0.051385007027643856, error 0.13789424870785744 forecast value = 32.441845429532506 actual 29.607139526816802 error 2.8347059027157044
idserie,153, true last 0.1892792557355013 forecast,0.015892057679242993, error 0.17338719805625832 forecast value = 24.734553139535098 actual 22.07300129560937 error 2.6615518439257286
idserie,154, true last 0.1892792557355013 forecast,-0.015734766088080224, error 0.20501402182358153 forecast value = 8.313178529478474 actual 8.378245271904909 error -0.06506674242643484
idserie,155, true last 0.1892792557355013 forecast,0.006461544733055018, error 0.1828177110024463 forecast value = 11.477234249757014 actual 11.480981419901212 error -0.0037471701441980088
idserie,156, true last 0.1892792557355013 forecast,0.01127781367617754, error 0.17800144205932378 forecast value = 14.390897308485245 actual 13.983638591987276 error 0.4072587164979691
idserie,157, true last 0.1892792557355013 forecast,0.01450698457449052, error 0.1747722711610108 forecast value = 17.318554586466327 actual 16.58624035701689 error 0.732314229449436
idserie,158, true last 0.1892792557355013 forecast,0.013991832307041898, error 0.1752874234284594 forecast value = 13.740335990386656 actual 13.197522243529571 error 0.5428137468570853
idserie,159, true last 0.1892792557355013 forecast,0.012551675653791169, error 0.17672758008171013 forecast value = 17.632378232104973 actual 16.934321543494956 error 0.6980566886100164
idserie,160, true last 0.1892792557355013 forecast,0.02650210919563809, error 0.16277714653986322 forecast value = 23.056766884551482 actual 21.309207775992018 error 1.7475591085594644
idserie,161, true last 0.1892792557355013 forecast,-0.05692793293845071, error 0.24620718867395203 forecast value = 11.238547418899042 actual 10.202858590129246 error 1.0356888287697963
idserie,162, true last 0.1892792557355013 forecast,0.019001379762975244, error 0.17027787597252605 forecast value = 18.90793315851282 actual 17.77864718464038 error 1.1292859738724381
idserie,163, true last 0.1892792557355013 forecast,0.00036440969435119725, error 0.1889148460411501 forecast value = 10.353534539142018 actual 10.329958961535791 error 0.023575577606226972
idserie,164, true last 0.1892792557355013 forecast,0.015184043408495846, error 0.17409521232700545 forecast value = 16.322039284174224 actual 15.72118061759328 error 0.6008586665809439
idserie,165, true last 0.1892792557355013 forecast,-0.014392374368111882, error 0.2036716301036132 forecast value = 5.3581597501248845 actual 5.586151786790306 error -0.22799203666542134
idserie,166, true last 0.1892792557355013 forecast,-0.0003769010528405043, error 0.1896561567883418 forecast value = 7.800494428483602 actual 7.707317348605727 error 0.09317707987787482
idserie,167, true last 0.1892792557355013 forecast,0.018046216666263857, error 0.17123303906923745 forecast value = 28.58502992187578 actual 27.494112155293752 error 1.0909177665820273
idserie,168, true last 0.1892792557355013 forecast,0.014757237276590267, error 0.17452201845891105 forecast value = 14.259779020113303 actual 12.764209045469503 error 1.4955699746438
idserie,169, true last 0.1892792557355013 forecast,0.002487717684891435, error 0.18679153805060988 forecast value = 9.586893503394986 actual 9.553005918534383 error 0.033887584860602615
idserie,170, true last 0.1892792557355013 forecast,-0.008235751919257656, error 0.19751500765475896 forecast value = 7.847472169031525 actual 8.031319644865333 error -0.183847475833808
idserie,171, true last 0.1892792557355013 forecast,0.01045994748946869, error 0.17881930824603262 forecast value = 11.930946934258019 actual 11.521586749403918 error 0.4093601848541013
idserie,172, true last 0.1892792557355013 forecast,0.0030967043142945535, error 0.18618255142120677 forecast value = 11.368680608889623 actual 10.930826328864425 error 0.43785428002519744
idserie,173, true last 0.1892792557355013 forecast,-0.02315801805586175, error 0.21243727379136307 forecast value = 4.534476522377506 actual 4.8427419035514685 error -0.3082653811739622
idserie,174, true last 0.1892792557355013 forecast,-0.0010969539737731005, error 0.1903762097092744 forecast value = 9.337111421698122 actual 9.37235824814785 error -0.03524682644972721
idserie,175, true last 0.1892792557355013 forecast,-0.012592669209844375, error 0.20187192494534567 forecast value = 6.425618880042096 actual 6.70461378755962 error -0.2789949075175242
idserie,176, true last 0.1892792557355013 forecast,0.026784811529025582, error 0.1624944442064757 forecast value = 24.171049531908885 actual 22.303893958176698 error 1.8671555737321874
idserie,177, true last 0.1892792557355013 forecast,-0.012010879138594194, error 0.2012901348740955 forecast value = 5.7268223661497295 actual 5.9296326841955525 error -0.20281031804582295
idserie,178, true last 0.1892792557355013 forecast,0.008298413324349448, error 0.18098084241115187 forecast value = 14.398558049735794 actual 13.984870711352247 error 0.41368733838354643
idserie,179, true last 0.1892792557355013 forecast,-0.013388310808309553, error 0.20266756654381085 forecast value = 7.143120621610434 actual 7.505243946969083 error -0.3621233253586489
idserie,180, true last 0.1892792557355013 forecast,0.0028473633980216767, error 0.18643189233747964 forecast value = 11.258334318477552 actual 11.06118106753436 error 0.1971532509431917
idserie,181, true last 0.1892792557355013 forecast,-0.03552734486821299, error 0.2248066006037143 forecast value = 2.6454467365554684 actual 2.938658381310354 error -0.2932116447548858
idserie,182, true last 0.1892792557355013 forecast,-0.00025656347905692414, error 0.18953581921455823 forecast value = 10.692395296887161 actual 10.620447904314195 error 0.0719473925729659
idserie,183, true last 0.1892792557355013 forecast,0.020238590777311806, error 0.1690406649581895 forecast value = 19.609232258928746 actual 18.659405770359317 error 0.9498264885694283
idserie,184, true last 0.1892792557355013 forecast,-0.005723618464584255, error 0.19500287420008555 forecast value = 7.180914647440394 actual 7.455314326195042 error -0.2743996787546479
idserie,185, true last 0.1892792557355013 forecast,0.027767778764963467, error 0.16151147697053783 forecast value = 26.921139830393326 actual 24.592698572208075 error 2.3284412581852507
idserie,186, true last 0.1892792557355013 forecast,-0.054184641338166584, error 0.2434638970736679 forecast value = 14.029225060265336 actual 15.108133264090611 error -1.078908203825275
idserie,187, true last 0.1892792557355013 forecast,0.024412936410716086, error 0.1648663193247852 forecast value = 23.871320530476634 actual 22.134528422295016 error 1.7367921081816178
idserie,188, true last 0.1892792557355013 forecast,0.010549860866935615, error 0.1787293948685657 forecast value = 11.797268285297923 actual 11.178092614167902 error 0.6191756711300211
idserie,189, true last 0.1892792557355013 forecast,-0.017455611092289675, error 0.206734866827791 forecast value = 4.3865421284697605 actual 4.622587523478769 error -0.23604539500900845
idserie,190, true last 0.1892792557355013 forecast,-0.014993179959250317, error 0.20427243569475162 forecast value = 5.436372466623109 actual 5.72221595433446 error -0.28584348771135115
idserie,191, true last 0.1892792557355013 forecast,0.027138568342088932, error 0.16214068739341236 forecast value = 24.431349297482488 actual 22.494496061714262 error 1.9368532357682255
idserie,192, true last 0.1892792557355013 forecast,0.032616099702565904, error 0.1566631560329354 forecast value = 29.406623774789942 actual 26.48911758507319 error 2.917506189716754
idserie,193, true last 0.1892792557355013 forecast,0.010823751908292354, error 0.17845550382720896 forecast value = 17.234470604409516 actual 16.685467352696687 error 0.5490032517128292
idserie,194, true last 0.1892792557355013 forecast,-0.015360085976652161, error 0.20463934171215348 forecast value = 5.805666566372195 actual 6.071835033220538 error -0.2661684668483435
idserie,195, true last 0.1892792557355013 forecast,0.006916117070395207, error 0.1823631386651061 forecast value = 12.300800557694501 actual 11.937283234726259 error 0.36351732296824224
idserie,196, true last 0.1892792557355013 forecast,1.7898196316403804e-05, error 0.1892613575391849 forecast value = 8.28919644566041 actual 8.554107012084383 error -0.26491056642397304
idserie,197, true last 0.1892792557355013 forecast,0.028389383306464313, error 0.160889872429037 forecast value = 25.417077043612704 actual 23.343549045282078 error 2.0735279983306256
idserie,198, true last 0.1892792557355013 forecast,0.019300689452362563, error 0.16997856628313873 forecast value = 20.60169470501972 actual 19.175175585809118 error 1.426519119210603
idserie,199, true last 0.1892792557355013 forecast,-0.0026916678796634706, error 0.19197092361516477 forecast value = 8.664950650791864 actual 8.709304953041288 error -0.04435430224942394
idserie,200, true last 0.1892792557355013 forecast,0.02041929467659079, error 0.16885996105891052 forecast value = 22.337141142226127 actual 21.12963621546293 error 1.207504926763196
idserie,201, true last 0.1892792557355013 forecast,-0.02478730386838079, error 0.2140665596038821 forecast value = 3.983893857333496 actual 4.224451537822568 error -0.2405576804890721
idserie,202, true last 0.1892792557355013 forecast,-0.030159731007007896, error 0.2194389867425092 forecast value = 4.326420651649885 actual 4.855267960752758 error -0.5288473091028729
idserie,203, true last 0.1892792557355013 forecast,0.020380762391143233, error 0.16889849334435808 forecast value = 17.85872588671671 actual 16.755202066538377 error 1.1035238201783315
idserie,204, true last 0.1892792557355013 forecast,-0.005113166081014742, error 0.19439242181651606 forecast value = 9.791983735566713 actual 10.083007120414608 error -0.2910233848478949
idserie,205, true last 0.1892792557355013 forecast,0.026395430614392024, error 0.16288382512110927 forecast value = 28.356803743015988 actual 25.810918304192587 error 2.545885438823401
idserie,206, true last 0.1892792557355013 forecast,0.024949957247769092, error 0.1643292984877322 forecast value = 28.77521617792276 actual 27.30837117338788 error 1.466845004534882
idserie,207, true last 0.1892792557355013 forecast,0.022772558163227, error 0.16650669757227432 forecast value = 20.523010111819715 actual 19.277660012811243 error 1.2453500990084727
idserie,208, true last 0.1892792557355013 forecast,-0.012014015459189035, error 0.20129327119469034 forecast value = 6.936771711643876 actual 7.412473978628434 error -0.4757022669845581
idserie,209, true last 0.1892792557355013 forecast,-0.002665550266357295, error 0.1919448060018586 forecast value = 9.194403746173979 actual 9.108428721435244 error 0.08597502473873497
idserie,210, true last 0.1892792557355013 forecast,0.026918503544968702, error 0.16236075219053261 forecast value = 26.91196947635601 actual 24.790889685870457 error 2.1210797904855525
idserie,211, true last 0.1892792557355013 forecast,-0.0074530503431434495, error 0.19673230607864475 forecast value = 7.923114169127386 actual 8.170819698696409 error -0.24770552956902314
idserie,212, true last 0.1892792557355013 forecast,-0.006426049406630732, error 0.19570530514213202 forecast value = 24.813916653942147 actual 26.743480004776607 error -1.92956335083446
idserie,213, true last 0.1892792557355013 forecast,0.01925880178316836, error 0.17002045395233295 forecast value = 18.021318082491582 actual 16.86368577293741 error 1.1576323095541738
idserie,214, true last 0.1892792557355013 forecast,-0.008038234720746787, error 0.19731749045624808 forecast value = 7.4986449114653295 actual 7.632705057069863 error -0.1340601456045336
idserie,215, true last 0.1892792557355013 forecast,0.03655521405410809, error 0.15272404168139322 forecast value = 43.45545175012703 actual 38.9305212155765 error 4.524930534550535
idserie,216, true last 0.1892792557355013 forecast,0.006808112205277283, error 0.18247114353022403 forecast value = 12.900956354765302 actual 12.581897260693953 error 0.31905909407134914
idserie,217, true last 0.1892792557355013 forecast,-0.005473014274587898, error 0.1947522700100892 forecast value = 8.19257254121354 actual 8.320749649953864 error -0.12817710874032429
idserie,218, true last 0.1892792557355013 forecast,0.013403032188378697, error 0.17587622354712262 forecast value = 14.749455517722817 actual 14.198293075074599 error 0.5511624426482182
idserie,219, true last 0.1892792557355013 forecast,-0.003911542881075586, error 0.1931907986165769 forecast value = 8.127746613245792 actual 8.19170420845815 error -0.06395759521235789
idserie,220, true last 0.1892792557355013 forecast,0.008451218895993122, error 0.18082803683950818 forecast value = 11.463610720862867 actual 11.293076641812588 error 0.17053407905027917
idserie,221, true last 0.1892792557355013 forecast,0.004850466318655555, error 0.18442878941684576 forecast value = 11.30596542687799 actual 11.15372656000438 error 0.15223886687360988
idserie,222, true last 0.1892792557355013 forecast,-0.024893427217156993, error 0.2141726829526583 forecast value = 3.427196206593363 actual 3.662061068203561 error -0.23486486161019782
idserie,223, true last 0.1892792557355013 forecast,0.01738257150745609, error 0.17189668422804522 forecast value = 17.05851260023884 actual 16.206839665369028 error 0.8516729348698107
idserie,224, true last 0.1892792557355013 forecast,-0.014384779950524545, error 0.20366403568602584 forecast value = 6.992540123822527 actual 7.257586115466117 error -0.2650459916435901
idserie,225, true last 0.1892792557355013 forecast,-0.005008568558544199, error 0.1942878242940455 forecast value = 9.080042401409692 actual 9.17519684057371 error -0.095154439164018
idserie,226, true last 0.1892792557355013 forecast,0.006194106253651937, error 0.18308514948184937 forecast value = 11.445767066172351 actual 10.998817459809844 error 0.4469496063625069
idserie,227, true last 0.1892792557355013 forecast,0.0017159687447018985, error 0.1875632869907994 forecast value = 8.65647578252239 actual 8.598050309906318 error 0.05842547261607223
idserie,228, true last 0.1892792557355013 forecast,0.040030417588793485, error 0.1492488381467078 forecast value = 49.140036533126136 actual 43.578003015082544 error 5.562033518043592
idserie,229, true last 0.1892792557355013 forecast,-0.01295657969420584, error 0.20223583542970713 forecast value = 6.331050474035503 actual 6.563769603663229 error -0.23271912962772667
idserie,230, true last 0.1892792557355013 forecast,-0.01429065385854503, error 0.20356990959404633 forecast value = 5.614994298491606 actual 5.814571766842436 error -0.1995774683508298
idserie,231, true last 0.1892792557355013 forecast,-0.0031859864285202016, error 0.1924652421640215 forecast value = 9.901053230913707 actual 9.994696588490365 error -0.0936433575766582
idserie,232, true last 0.1892792557355013 forecast,-0.006418652330518287, error 0.19569790806601958 forecast value = 8.625999147030717 actual 8.798477551363831 error -0.17247840433311445
idserie,233, true last 0.1892792557355013 forecast,0.03575376018157636, error 0.15352549555392495 forecast value = 36.30869282844302 actual 32.351529203749685 error 3.9571636246933366
idserie,234, true last 0.1892792557355013 forecast,-0.01794102624911057, error 0.20722028198461187 forecast value = 5.069411759247266 actual 5.376994138868723 error -0.30758237962145696
idserie,235, true last 0.1892792557355013 forecast,0.006135009287253897, error 0.18314424644824742 forecast value = 12.534314468358252 actual 12.34012043793156 error 0.1941940304266918
idserie,236, true last 0.1892792557355013 forecast,6.84450552054796e-05, error 0.18921081068029583 forecast value = 8.78573997396747 actual 8.625555206239635 error 0.1601847677278343
idserie,237, true last 0.1892792557355013 forecast,0.017161255422605912, error 0.1721180003128954 forecast value = 17.991869525846113 actual 17.013270665106987 error 0.978598860739126
idserie,238, true last 0.1892792557355013 forecast,0.00042136402374829416, error 0.18885789171175302 forecast value = 10.614578671356977 actual 10.6410792893609 error -0.026500618003922227
idserie,239, true last 0.1892792557355013 forecast,0.018777563707140142, error 0.17050169202836116 forecast value = 20.808329800901287 actual 19.280582445270696 error 1.5277473556305914
idserie,240, true last 0.1892792557355013 forecast,0.010561097827599779, error 0.17871815790790152 forecast value = 13.946444999553645 actual 13.671189331528252 error 0.2752556680253928
idserie,241, true last 0.1892792557355013 forecast,-0.025094601317195524, error 0.21437385705269682 forecast value = 3.6721301955733407 actual 3.972741763424204 error -0.3006115678508632
idserie,242, true last 0.1892792557355013 forecast,0.019353481168007076, error 0.16992577456749422 forecast value = 19.102107904110074 actual 18.004754907431995 error 1.0973529966780795
idserie,243, true last 0.1892792557355013 forecast,0.01402268628984239, error 0.17525656944565893 forecast value = 15.54979715616254 actual 14.907532884569754 error 0.6422642715927864
idserie,244, true last 0.1892792557355013 forecast,0.0023697505779047188, error 0.18690950515759658 forecast value = 9.045104297653124 actual 8.968697886337372 error 0.07640641131575165
idserie,245, true last 0.1892792557355013 forecast,-0.003254664212992924, error 0.19253391994849423 forecast value = 9.130919579904289 actual 9.272510096902979 error -0.14159051699868996
idserie,246, true last 0.1892792557355013 forecast,0.050091492916772576, error 0.13918776281872874 forecast value = 67.89718681151469 actual 58.42488626485365 error 9.472300546661039
idserie,247, true last 0.1892792557355013 forecast,0.03238492475711819, error 0.15689433097838312 forecast value = 9.692295249238684 actual 10.413408282231666 error -0.7211130329929816
idserie,248, true last 0.1892792557355013 forecast,0.01863284175876549, error 0.17064641397673583 forecast value = 18.300245517651792 actual 16.930838967645272 error 1.36940655000652
idserie,249, true last 0.1892792557355013 forecast,-0.0008523578150999801, error 0.1901316135506013 forecast value = 7.585139744110433 actual 7.698532323164371 error -0.11339257905393829
idserie,250, true last 0.1892792557355013 forecast,0.021844028767228355, error 0.16743522696827295 forecast value = 29.306585906983912 actual 27.429566729876043 error 1.8770191771078686
idserie,251, true last 0.1892792557355013 forecast,0.0007273169481335794, error 0.18855193878736773 forecast value = 9.614752209295073 actual 9.661627249995304 error -0.04687504070023074
idserie,252, true last 0.1892792557355013 forecast,0.010345601808592458, error 0.17893365392690885 forecast value = 15.589133519590614 actual 15.128266475514343 error 0.4608670440762719
idserie,253, true last 0.1892792557355013 forecast,0.031204141784484957, error 0.15807511395101634 forecast value = 25.6370783656831 actual 23.354444872179887 error 2.282633493503212
idserie,254, true last 0.1892792557355013 forecast,0.012510796011563394, error 0.1767684597239379 forecast value = 17.77650625559035 actual 17.227745433470638 error 0.5487608221197107
idserie,255, true last 0.1892792557355013 forecast,0.005110490091110451, error 0.18416876564439086 forecast value = 12.457152316105683 actual 12.230492522154236 error 0.22665979395144653
idserie,256, true last 0.1892792557355013 forecast,-0.006979034242760412, error 0.19625828997826172 forecast value = 7.83940645523995 actual 8.134344698580614 error -0.2949382433406642
idserie,257, true last 0.1892792557355013 forecast,-0.007707551354420511, error 0.1969868070899218 forecast value = 7.6723941918717005 actual 7.724398611026173 error -0.05200441915447218
idserie,258, true last 0.1892792557355013 forecast,0.035124162296188394, error 0.1541550934393129 forecast value = 34.49216995570808 actual 31.232937704244545 error 3.2592322514635335
idserie,259, true last 0.1892792557355013 forecast,0.023395350782719912, error 0.16588390495278138 forecast value = 27.495283682220574 actual 25.75595311225086 error 1.739330569969713
idserie,260, true last 0.1892792557355013 forecast,-0.02523729820614254, error 0.21451655394164384 forecast value = 3.843536755844116 actual 4.148947857857156 error -0.30541110201303967
idserie,261, true last 0.1892792557355013 forecast,0.012156819892868972, error 0.17712243584263232 forecast value = 16.767943219636454 actual 16.167266325809624 error 0.6006768938268294
idserie,262, true last 0.1892792557355013 forecast,0.020606886789659523, error 0.16867236894584178 forecast value = 17.688928253975977 actual 16.445215588944272 error 1.2437126650317047
idserie,263, true last 0.1892792557355013 forecast,0.020476134012734164, error 0.16880312172276715 forecast value = 20.964509922134564 actual 19.770464968066044 error 1.19404495406852
idserie,264, true last 0.1892792557355013 forecast,-0.013611635981782201, error 0.2028908917172835 forecast value = 7.084699471734305 actual 7.431493167010384 error -0.3467936952760793
idserie,265, true last 0.1892792557355013 forecast,0.010359073670470266, error 0.17892018206503105 forecast value = 19.790788836152704 actual 19.1114156074477 error 0.6793732287050034
idserie,266, true last 0.1892792557355013 forecast,-0.0075759108276008645, error 0.19685516656310217 forecast value = 5.29651031168521 actual 5.295956102564462 error 0.0005542091207475508
idserie,267, true last 0.1892792557355013 forecast,-0.006522385548684883, error 0.1958016412841862 forecast value = 6.971060597938352 actual 7.131756891726937 error -0.1606962937885852
idserie,268, true last 0.1892792557355013 forecast,-0.008460415636147868, error 0.19773967137164916 forecast value = 7.954454094526819 actual 8.155593819354797 error -0.2011397248279776
idserie,269, true last 0.1892792557355013 forecast,0.005041855674697341, error 0.18423740006080397 forecast value = 25.678502992104516 actual 23.467667690910755 error 2.210835301193761
idserie,270, true last 0.1892792557355013 forecast,-0.004177845304883171, error 0.19345710104038447 forecast value = 8.455173962746251 actual 8.659563998841914 error -0.20439003609566342
idserie,271, true last 0.1892792557355013 forecast,0.01151028065821564, error 0.17776897507728567 forecast value = 16.846799611695985 actual 16.441046959831983 error 0.40575265186400244
idserie,272, true last 0.1892792557355013 forecast,0.011911566372858682, error 0.17736768936264263 forecast value = 17.220381081092455 actual 16.534934410192797 error 0.6854466708996583
idserie,273, true last 0.1892792557355013 forecast,0.014345421753096395, error 0.17493383398240492 forecast value = 14.916968757129014 actual 13.681138090903266 error 1.2358306662257483
idserie,274, true last 0.1892792557355013 forecast,0.0002895888191382083, error 0.1889896669163631 forecast value = 11.784799198664471 actual 11.770434146180772 error 0.014365052483698904
idserie,275, true last 0.1892792557355013 forecast,0.008128070931856982, error 0.18115118480364434 forecast value = 12.926722001769727 actual 12.55643049271284 error 0.37029150905688724
idserie,276, true last 0.1892792557355013 forecast,-9.356529348110779e-05, error 0.18937282102898242 forecast value = 16.64654444312395 actual 15.434995523206538 error 1.211548919917412
idserie,277, true last 0.1892792557355013 forecast,0.048150891616094676, error 0.14112836411940663 forecast value = 57.00957127377996 actual 49.505255164555706 error 7.504316109224256
idserie,278, true last 0.1892792557355013 forecast,0.025575840948685757, error 0.16370341478681555 forecast value = 12.425615649478516 actual 10.879343421823549 error 1.546272227654967
idserie,279, true last 0.1892792557355013 forecast,0.012679817112082116, error 0.1765994386234192 forecast value = 12.702838366571209 actual 12.21942344246982 error 0.483414924101389
idserie,280, true last 0.1892792557355013 forecast,0.0019545397906481823, error 0.18732471594485312 forecast value = 10.140921418721774 actual 10.118345975316984 error 0.022575443404790008
idserie,281, true last 0.1892792557355013 forecast,0.03583767476543207, error 0.15344158097006924 forecast value = 34.09773857425444 actual 30.706615342995743 error 3.3911232312586996
idserie,282, true last 0.1892792557355013 forecast,-0.0048011721104229115, error 0.19408042784592422 forecast value = 8.41403050031234 actual 8.539569070476452 error -0.12553857016411207
idserie,283, true last 0.1892792557355013 forecast,0.04775334163916497, error 0.14152591409633633 forecast value = 51.131696907283235 actual 44.24067084795124 error 6.891026059331992
idserie,284, true last 0.1892792557355013 forecast,-0.02402374458094407, error 0.2133030003164454 forecast value = 4.071952417166316 actual 4.3766335132434655 error -0.3046810960771493
idserie,285, true last 0.1892792557355013 forecast,0.01678706376973207, error 0.17249219196576923 forecast value = 14.955065551974888 actual 14.188274719673407 error 0.7667908323014814
idserie,286, true last 0.1892792557355013 forecast,0.02040148844121228, error 0.16887776729428902 forecast value = 22.251959943678266 actual 21.401427507428643 error 0.8505324362496225
idserie,287, true last 0.1892792557355013 forecast,0.010661854653136632, error 0.17861740108236468 forecast value = 15.70073164319281 actual 15.367119706176027 error 0.3336119370167836
idserie,288, true last 0.1892792557355013 forecast,0.03135219992828879, error 0.1579270558072125 forecast value = 30.360168718238555 actual 27.372754544280575 error 2.98741417395798
idserie,289, true last 0.1892792557355013 forecast,0.009297165462715445, error 0.17998209027278586 forecast value = 12.054500034572584 actual 11.703647912700797 error 0.35085212187178705
idserie,290, true last 0.1892792557355013 forecast,-0.006300706867109693, error 0.195579962602611 forecast value = 9.027795061016555 actual 9.161285784491339 error -0.1334907234747842
idserie,291, true last 0.1892792557355013 forecast,0.02852213658592929, error 0.16075711914957203 forecast value = 26.798888208093445 actual 24.598915229942076 error 2.1999729781513686
idserie,292, true last 0.1892792557355013 forecast,0.03173260380324584, error 0.15754665193225548 forecast value = 33.35753201179066 actual 30.48202351390254 error 2.87550849788812
idserie,293, true last 0.1892792557355013 forecast,-0.008020753652642664, error 0.19730000938814396 forecast value = 7.454850497797743 actual 7.620506617353676 error -0.1656561195559334
idserie,294, true last 0.1892792557355013 forecast,0.008598904105433755, error 0.18068035163006754 forecast value = 14.021645755538058 actual 13.63255857031638 error 0.38908718522167796
idserie,295, true last 0.1892792557355013 forecast,0.004673089158982557, error 0.18460616657651874 forecast value = 11.170859865978459 actual 10.85325692289074 error 0.31760294308771897
idserie,296, true last 0.1892792557355013 forecast,0.03108749484905403, error 0.15819176088644726 forecast value = 35.45171877758693 actual 32.579512338941285 error 2.872206438645648
idserie,297, true last 0.1892792557355013 forecast,0.012715731009414945, error 0.17656352472608636 forecast value = 15.85555029664489 actual 14.947449447994165 error 0.908100848650724
idserie,298, true last 0.1892792557355013 forecast,0.010532363031655211, error 0.17874689270384608 forecast value = 16.186714322700507 actual 15.792710074709158 error 0.39400424799134903
idserie,299, true last 0.1892792557355013 forecast,-0.00015418599158859188, error 0.1894334417270899 forecast value = 9.803705748989465 actual 9.462906640380073 error 0.3407991086093922