0.04879016416943216,0.0,0.0,0.04652001563489305,0.0,0.0,0.04445176257083361,-0.04445176257083361,0.0,-0.04652001563489305,0.0,0.04652001563489305,0.04445176257083361,-0.04445176257083361,0.0,0.04445176257083361,0.0,0.0,0.12260232209233246,-0.16705408466316607,-0.04652001563489305,0.09097177820572666,-0.04445176257083361,0.04445176257083361,0.0,0.08338160893905089,-0.04082199452025481,0.0,0.0,0.0,0.08004270767353638,-0.03922071315328157,-0.1278333715098845,0.04445176257083361,0.04255961441879608,-0.04255961441879608,0.12260232209233246
0.047591524876553076,-0.02504607893461779,0.0010007049498069256,-0.014413328511831129,-0.04919711797936982,-0.021189978680979694,-0.10871276433351307,0.00023764543991585535,0.012961804053904505,0.14945806720383817,0.002640458310374759,0.03524402157317005,-0.019910238591687782,-0.020917020247549843,-0.021391699873871153,0.09387112828327689,-0.03136555094350367,-0.1062543931546184,0.010357983328642444,0.05851912379657484,0.032931738499231394,-0.0023619059985763996,-0.04445176257083361,0.08197510146346255,-0.005949204969602384,-0.05987924148821824,-0.031992788991867124,-0.09785872202486554,0.02142627409787595,0.10930670404148418,0.03266525533997068,-0.0003001309421167171,-0.027293261119954428,0.057019961222621846,-0.07076925527725482,0.02587555165964732,0.02943184892896614
0.1598358636402431,0.10935008522594232,-0.041415235575526635,-0.0025684905137059386,-0.012867912985822157,0.03613864104369837,0.03477847127317676,0.09321857402494932,0.0158560575916522,0.008837675086943796,0.02806645614246768,0.17043360134971935,-0.040584282118200664,-0.010948290168369654,0.026938871397059996,0.06372393787338551,0.10248531042399917,-0.001644714888592344,-0.017708472813825236,-0.07372040045886301,0.019969571714481632,0.08214257267733897,-0.048859725824804044,0.0723018101658057,-0.0911770442991808,0.018458920525562833,-0.040098633866591765,0.0908997361507431,0.033988720609789747,-0.033988720609789747,-0.014369506142162047,0.0005318415423171616,-0.052777301981638075,0.0863196308819734,0.02256442892704824,-0.11174797617046195,0.022662318179574606
0.022165527044460155,-0.001695614244868613,0.014704539253058674,-0.04730816338437759,-0.027770843881493874,-0.0053339210893274935,0.05485062880989195,-0.03768223182144208,-0.1003670656421464,0.046972756779839,0.020991979601035188,0.036582739982216506,-0.02873944412007547,0.020125405725597866,0.012562446511913796,-0.06142656635131782,0.006554326317854256,0.026337886720089035,-0.01846640769149308,-0.07814164273328025,-0.08628482144013677,0.103892487156042,-0.060704563822929235,0.12252115811241227,-0.008457393467846165,-0.06242200421046682,-0.13119418097275076,-0.024294658134058365,0.01938183893644764,0.10635664852037274,0.08004270767353638,-0.04498067383674527,-0.03746118505738856,0.19736533035278434,-0.0310044494720111,0.009809068152664144,0.16033265477535755
0.08155947430826829,-0.001695614244868613,-0.048087801198792066,-0.014413328511831129,-0.04652208544499027,0.016066483506983177,0.0038090568705218633,-0.09980945329267046,0.0632335099252179,0.006197216776569037,-0.08526241355358322,0.17043360134971935,0.008313121527135241,0.1013518505786841,0.012562446511913796,0.03962123733107542,0.06180492221986264,-0.06648958734937468,0.006802593867728715,-0.033461099838651705,0.008387581173212737,0.1109669636974745,-0.06417584274905355,0.019906121665274862,0.09666583147753502,-0.019103701484948277,-0.05613811144450432,-0.04644648353092846,0.015139226312567972,-0.07945175413412445,-0.08942557567040847,-0.019365606777701102,-0.052777301981638075,0.05705453544662664,-0.0015808935255889542,-0.026520136840883522,0.01998728564519505
0.06785564000501654,-0.04703476148213273,-0.022818799639570272,0.07652760637774297,-0.0018326774342408043,-0.016947366057100025,0.04445176257083361,0.00023764543991585535,0.006287047785307975,0.0354623122119158,0.03395414638578495,0.0481647305234854,0.02034906202852352,0.005420866472539192,0.11891909503228654,0.1345515164874134,-0.012709083860802287,-0.07370921201249728,0.0036832270600459164,-0.03262912735421783,-0.08628482144013677,0.0888151383006044,-0.042187160201538614,0.0923739677025209,0.0150773488554376,-0.007518127211692198,-0.010798964207240205,-0.0184069678907411,0.030995283904220173,0.00682139361748502,0.0637389512339382,0.0005318415423171616,-0.1278333715098845,0.060704563822929235,0.06365570203169342,0.03554884295730417,0.16328271029646899
0.040916768607956545,0.02140040459631067,-0.026337886720089035,-0.017884607437955446,-0.029815279042922183,-0.03629463076954287,-0.008172653943582995,-0.0596949937570014,-0.012464193778188417,0.05855833105309508,0.14326085042726913,0.05643784635779697,0.005972637143377319,0.1013518505786841,-0.06688930762221065,0.04365178033667032,-0.012709083860802287,0.0,0.1255523776134439,-0.05083096142936748,0.05133870638997249,0.13606160406569615,-0.014147644561351255,0.12252115811241227,0.002156639905122257,-0.05622921311191565,0.009098484112778058,-0.005031247955401823,-0.0454630335243347,0.10930670404148418,0.007619176405352892,-0.03922071315328157,-0.005742540499505344,0.057019961222621846,0.06365570203169342,-0.029028325339127303,0.01747909714695127
0.02893505779385169,0.07161975254291723,-0.011035235551581353,0.05135054087465124,-0.039752554695598734,-0.0053339210893274935,-0.008172653943582995,-0.017827125445861604,0.033225919182367974,0.005439281898901194,0.030960709680215377,0.07550332219338135,-0.006589809368536476,0.011252096662104305,0.006674756268596529,-0.0998394552700195,0.03165773180997127,0.008273115834311576,0.08487198940930737,-0.08182624533358765,0.03975313211671641,0.103892487156042,-0.0007719246260119786,0.09827885790306073,0.06651864106764366,0.012554030325022995,-0.006109913256802022,-0.027850047594972095,0.04919711797936982,-0.014606881673342103,0.054065659936281346,-0.04498067383674527,-0.052777301981638075,0.04098048364470929,0.04844730466211335,0.05185259939690235,0.04928695530454661
0.02759633938480524,-0.011613444967772533,-0.019263410178656543,0.0075994334237281976,-0.027770843881493874,-0.0023404843837579233,-0.0116680122577517,-0.017827125445861604,0.0,0.05535976053193406,-0.01607405180191735,0.0892071564966331,0.0012835861929391358,-0.02051729997471388,0.03176939663681819,0.06962882807392536,-0.053378312879063,-0.023534742323283765,0.03465264146270081,-0.07372040045886301,0.04730816338437759,0.08290050755500682,-0.014147644561351255,0.06910323964464468,0.002156639905122257,-0.05987924148821824,0.0007114803606829978,-0.03725646218796287,0.024545640905558747,-0.005887690243317267,0.005354574036057897,-0.020564246070580185,-0.027293261119954428,0.19736533035278434,0.06365570203169342,-0.023845104306503967,0.06735172619032406
0.01698230601183682,0.02220038683047396,-0.011035235551581353,0.019581144237833057,-0.05170530647761361,-0.028223360118823024,0.05485062880989195,-0.04709222088120837,-0.06782188450002527,0.02130186886513221,-0.0454976077483395,0.05168381760400416,-0.08069874165386971,-0.054511772724378064,0.08118876234926145,-0.02131210681564876,-0.025670887914706793,0.02817056415432984,0.018586157955717636,-0.0034535090958017767,0.07141086392668769,0.03740289980666732,-0.018836695511789438,0.05389484227506461,-0.02198868254751494,-0.0405319767757754,-0.01907208004155178,-0.0184069678907411,-0.09109554710615898,0.01520839736958008,-0.08355786789382791,-0.03352605012448469,-0.002749103793935774,0.07640180015906949,0.035884858150199546,0.05185259939690235,0.08205626544338274
-0.07160505259607838,-0.030960709680215377,0.025103405492117016,0.01329409645252508,0.01287186181881787,-0.12742475209970666,0.006928423678204662,-0.043442192504905774,-0.015104652088563176,-0.03930039097177046,0.053161096510689336,0.17043360134971935,-0.04405556104432498,-0.03825897147228244,0.007873395561475613,-0.02478338574177308,-0.05684959180518732,0.12226887082623394,-0.008298483754058943,-0.09439444398537589,-0.01362518076234659,0.1612386695687879,0.005059305563553135,0.025855326634877246,0.009190021342965588,-0.10537684923655774,-0.036414031266284376,0.0,0.024545640905558747,-0.025882875735065102,0.08004270767353638,0.00373041206347818,0.10360754472643698,0.1053851067175578,0.02256442892704824,-0.029028325339127303,0.16328271029646899
0.018767133856417553,-0.022889439029495532,-0.041415235575526635,-0.0018105556360380956,0.0031985705211610184,-0.014902930895671719,0.03557845350734005,0.03124594113257271,0.03405789166680185,0.014268487427288881,0.03629463076954287,0.17043360134971935,0.050356652771373446,-0.022561735136142187,0.08118876234926145,-0.008743908163860522,-0.004480909233727097,0.02817056415432984,-0.10297088636740845,-0.08182624533358765,0.032931738499231394,0.11386121723522219,0.005059305563553135,0.08197510146346255,0.03486090925767238,-0.007518127211692198,-0.024959407554023795,-0.011585574273256079,0.07837273623778587,0.06862631583734766,0.022696525260790492,0.05394976001008474,-0.03305322180341813,0.05705453544662664,-0.0015808935255889542,-0.02724349749454657,-0.03269537254226224
0.044036135415639346,-0.12209083101037915,-0.019263410178656543,-0.017884607437955446,-0.027770843881493874,-0.028223360118823024,-0.013932614627046695,-0.049634983603456945,0.0632335099252179,-0.07906519677701418,0.14326085042726913,0.17043360134971935,0.019348357078716596,-0.012643904413238267,-0.018751241563496394,0.13160146096630196,-0.05684959180518732,-0.06648958734937468,-0.03378252461574258,-0.028630574598893517,-0.017096459688470907,0.13123107882593796,-0.03869180188736991,0.08197510146346255,0.0150773488554376,-0.14514165504180146,-0.13119418097275076,0.0,0.06206897979818769,-0.12508426771594872,0.10428500788288791,0.023802569600193373,-0.03305322180341813,0.11021563195731598,-0.0310044494720111,0.021845008654052422,0.0074190869934068135
-0.03319216367737669,0.02220038683047396,0.031008295692656854,0.05055055864048795,-0.049162543755365024,0.016866465741146468,-0.020125405725597866,-0.01313807449542342,0.0632335099252179,0.02554448148901188,0.07833816201378108,0.0481647305234854,-0.11324392279599084,-0.09462623226004713,-0.00039972027283596357,-0.06142656635131782,-0.03270426935255012,-0.07370921201249728,0.03465264146270081,-0.060399971235711704,-0.08628482144013677,0.0865505359313094,-0.04003052029641636,0.05090140556949503,0.04644648353092846,0.002155164085964653,-0.05266683251838,-0.03136913467549086,0.036329204993547665,-0.005887690243317267,0.08004270767353638,-0.04863070221304787,-0.0894204825911828,0.08512099158909432,0.05526869827959836,0.11382523228927896,0.09836002188298093
0.16278591916135454,-0.0028942535377476965,-0.09282747406946372,0.004104075109559492,-0.049162543755365024,-0.12155704432312608,0.02319289699992068,0.09321857402494932,-0.012464193778188417,-0.009876835025348314,0.02451106668155395,0.036582739982216506,-0.008634244529964783,-0.05798305165050238,-0.11252182120403494,0.038620532381268495,0.00838700375209506,0.0,-0.03378252461574258,-0.05372521496711517,0.002627620489749037,0.11685465394079177,0.09515905948013292,0.073101792399969,0.009190021342965588,-0.151009362818382,-0.011997603500119289,-0.04644648353092846,0.04736444054512902,-0.046556919261577984,0.0016699714357505079,-0.040559431562328024,-0.034062791869345965,0.0784462353204978,0.017133616586703156,0.007468583768906221,0.04928695530454661
0.06868761248945042,0.00299343670556957,-0.01806477088577746,0.03448407513350477,-0.01520839736958008,-0.032644602393240275,-0.01494218469297453,0.03124594113257271,-0.009190021342965588,0.0036544540543204593,0.020991979601035188,0.17043360134971935,-0.08069874165386971,-0.010948290168369654,0.012562446511913796,-0.002794703194258138,0.10248531042399917,0.015302651168507682,-0.0026038207252620594,-0.16705408466316607,0.04730816338437759,0.22616135798227593,-0.04546133263676144,0.1632015463165488,0.022151825396870092,-0.0405319767757754,-0.011997603500119289,-0.06496388715231907,3.457422400479637e-05,0.0023404843837579233,0.005354574036057897,-0.020564246070580185,-0.030788619434123133,0.0562966005689588,0.06365570203169342,0.007468583768906221,0.01998728564519505
0.16278591916135454,-0.001695614244868613,-0.011035235551581353,-0.0025684905137059386,-0.01820183407514965,-0.015302651168507682,0.010483813139118392,0.001238350389722781,0.01884949429722177,0.08453537879035011,0.0,0.04856445079632136,-0.025341050932032868,-0.03825897147228244,0.08118876234926145,0.012682365934015425,-0.04153347488093781,-0.017341951224732595,0.08487198940930737,-0.009358399296341614,0.018324856825889288,0.09231049661477311,-0.04445176257083361,0.04800715203174734,-0.0911770442991808,-0.057238783177843484,-0.09278129205404906,0.0908997361507431,0.1026150364471374,0.0184069678907411,0.054065659936281346,-0.10134793462450996,0.011627321091210428,0.0596949937570014,0.0018903854005353632,-0.03908833549267176,0.12260232209233246
-0.06573734481949782,-0.022889439029495532,0.0018326774342408043,0.1385002392701196,0.09114825115079267,0.016866465741146468,0.08499781921978332,0.09616862954606076,0.009406414592990775,-0.08493290455359474,0.04833057127093115,0.0330873816680478,-0.08069874165386971,0.1013518505786841,0.027770843881493874,0.05332507163432717,0.06180492221986264,-0.001644714888592344,0.035452623696864104,0.020788791113549754,0.13928838701960414,0.12367604755827678,-0.04445176257083361,0.09827885790306073,0.041415235575526635,-0.03181278534575056,-0.04006405964258697,-0.042951125216759756,0.0026750325343795553,-0.012562446511913796,0.03266525533997068,0.00373041206347818,-0.00863679403725304,0.06296916619222423,0.06365570203169342,0.03554884295730417,0.03936912458164269
-0.06573734481949782,-0.006449642998661426,-0.022818799639570272,0.02915015404417728,0.02917561825841605,-0.03365417245916811,0.12567820742391983,-0.04785015575887621,-0.011454623712260583,0.02554448148901188,0.02451106668155395,0.036582739982216506,0.04445176257083361,-0.04190899984858503,0.03176939663681819,-0.005059305563553133,-0.03270426935255012,0.03216911690965415,0.035452623696864104,-0.028630574598893517,0.01408224420200962,0.08554096586538157,-0.027109811346101013,0.12252115811241227,0.018596435935956362,-0.053964610742620656,-0.010798964207240205,-0.0684351660784434,0.036329204993547665,0.02808025918839795,-0.08942557567040847,0.09463014821422126,0.016457846330968615,0.06646452450639294,0.06182302459745262,0.02667553389381061,0.04808831601166753
0.08155947430826829,-0.009569009806344226,-0.016369156640908846,0.05135054087465124,0.0,0.011035235551581353,0.010483813139118392,-0.0596949937570014,0.04692975348561972,-0.03930039097177046,0.005914630745597588,0.07550332219338135,-0.024331480866105034,-0.03599436910298744,0.027770843881493874,-0.0998394552700195,0.02125886557091293,0.012962166784749759,0.02306706718944473,-0.019757265535399957,-0.053739640298015645,0.13023037387613104,-0.0007719246260119786,0.09827885790306073,0.02504607893461779,0.012554030325022995,-0.04006405964258697,-0.016066483506983177,0.028101030366472476,-0.031313688075410184,-0.04379306208858419,0.02970745980073321,0.004072289823549246,0.05705453544662664,0.04545386795654377,0.07609489960625387,0.09836002188298093
0.02317509711038799,0.0053339210893274935,0.0010007049498069256,0.047351988119326935,-0.01520839736958008,-0.08179223851788237,-0.017617217227354084,-0.049634983603456945,-0.10623477341872696,0.042491847546111905,0.049162543755365024,0.1297532131455828,0.005972637143377319,0.020125405725597866,0.08118876234926145,-0.006068875629480967,0.007555031267661182,0.008273115834311576,-0.06320608056216473,-0.08182624533358765,0.14223844254071558,-0.0023619059985763996,-0.027109811346101013,0.16025149079543735,-0.006672565623265431,-0.023584610718675375,-0.12532647319617018,0.0908997361507431,0.04919711797936982,-0.046556919261577984,0.07413781747299654,0.0005318415423171616,-0.0004086194101778507,0.0043373030351645525,0.0144585840523236,-0.01138091052831555,0.025936490614797435
0.03887233344652824,-0.027310681303912784,-0.03925859567040438,0.027454539799308668,0.09114825115079267,0.011035235551581353,-0.03365669480526664,-0.049634983603456945,0.006287047785307975,0.03715792645678441,0.04077554000326997,0.06346738169199308,-0.040584282118200664,0.09840179505757266,0.04064270570031175,0.00639531814870745,-0.04081011422727476,0.015302651168507682,0.03145407094153979,-0.05252657567423609,0.14223844254071558,0.08214257267733897,-0.048859725824804044,0.028011966539999503,0.06651864106764366,-0.10537684923655774,-0.01907208004155178,-0.005031247955401823,0.1403453691301625,0.038479125427456295,0.054065659936281346,-0.03922071315328157,0.016457846330968615,0.07640180015906949,0.09283132029010947,-0.04255961441879608,0.06918440362456488
-0.06573734481949782,-0.08367794209167746,0.055250595902008384,-0.054527788047500185,-0.01820183407514965,0.06628583145358974,-0.020125405725597866,-0.025700521007337215,0.005887327512472012,0.05535976053193406,0.019347264712442844,0.04856445079632136,0.0012835861929391358,-0.05798305165050238,-0.07410893228533325,-0.008743908163860522,-0.04077554000326997,0.12226887082623394,0.1255523776134439,-0.06244440639714001,0.04730816338437759,0.09231049661477311,-0.0007719246260119786,0.16025149079543735,0.07242353126818349,-0.019103701484948277,0.009098484112778058,-0.027850047594972095,3.457422400479637e-05,-0.03649690910803352,0.022696525260790492,-0.0459902439026731,-0.017355985467277877,0.07804651504766183,0.04255961441879608,0.0226769811384863,-0.06524055368438336
0.05048577841430077,-0.009569009806344226,0.0010007049498069256,0.03896498436723187,-0.01520839736958008,0.0,0.029747223317774935,-0.03768223182144208,-0.01764741481081175,0.06823162235075193,-0.012602772875793034,0.03524402157317005,0.07459895298072498,-0.03249901078881874,-0.021391699873871153,0.04445176257083361,-0.03486090925767238,-0.1062543931546184,0.044325932760357664,-0.06668701902101967,-0.0010569821105583521,0.08214257267733897,-0.028754526234693358,0.04920579132462642,0.07242353126818349,-0.06242200421046682,-0.030654070582820676,-0.04644648353092846,0.0036846026003073892,0.044384015627996126,0.08004270767353638,-0.014676555827262919,-0.015711270578685533,0.0784462353204978,0.014493158276328397,0.0226769811384863,0.068352431140131
0.06785564000501654,0.07161975254291723,-0.06340391812304158,0.1007699065870945,0.05341791846776758,-0.12742475209970666,-0.1028450565569325,-0.025700521007337215,-0.005694663028796882,0.04015136316235399,0.07243327181324125,0.027138176698445413,-0.08069874165386971,-0.03599436910298744,0.05104157193937009,0.0007006551199105673,-0.004480909233727097,-0.021026553825039984,0.035452623696864104,-0.03446180478845863,0.0016180504238212032,0.15533377936824805,0.00022878032379494706,0.040932675490314846,0.043247913009767436,-0.14514165504180146,-0.003769428873044099,-0.02140040459631067,0.030995283904220173,0.038479125427456295,0.021051810372198148,0.00373041206347818,-0.021598598091157543,0.09783007544989661,0.050787789045871265,0.020844303704245497,0.08205626544338274
0.0034510169321680453,-0.031718644557883216,0.055250595902008384,0.02915015404417728,-0.0008319724844338787,-0.014902930895671719,-0.017582643003349288,-0.1323546344347916,-0.015104652088563176,0.05535976053193406,0.03629463076954287,0.030822779298752802,0.002979200437807749,0.010452114427941014,0.012562446511913796,-0.0006380632891358814,-0.03136555094350367,-0.023534742323283765,0.02306706718944473,-0.060399971235711704,-0.0010224078865535557,0.103892487156042,-0.017141081266920825,0.12252115811241227,0.04241594052533356,-0.023584610718675375,0.03827410237119411,-0.005031247955401823,-0.0007233606536630466,-0.033988720609789747,0.009775816310475149,-0.040559431562328024,0.004072289823549246,0.09100868183241159,0.08692643008956963,-0.020570931871281138,-0.06524055368438336
0.06685493505520962,-0.04356348255600841,-0.04367983794482163,0.0602238499381448,-0.13442495730894824,0.10401616413661482,0.0034093365976858997,0.03124594113257271,-0.012464193778188417,0.05855833105309508,0.03629463076954287,0.02717275092245021,-0.0034704425608536775,-0.03249901078881874,-0.10665411342745437,-0.0998394552700195,-0.004480909233727097,0.01978356040223478,0.054724798999416006,-0.0825496059872507,0.04814013586881147,0.0865505359313094,-0.13923191227729997,0.040932675490314846,0.041415235575526635,-0.05046925242845195,-0.010798964207240205,-0.0184069678907411,-0.012568198651788237,-0.03649690910803352,0.004345003970130063,-0.03922071315328157,-0.0894204825911828,0.06296916619222423,0.06282372954725954,0.05185259939690235,0.16033265477535755
0.022165527044460155,-0.02504607893461779,-0.03222521423256105,0.1385002392701196,-0.04551251537906244,-0.03705256564721071,-0.009511372352629444,0.09616862954606076,-0.011454623712260583,0.008837675086943796,0.0,0.05523920706491789,0.04445176257083361,0.020125405725597866,-0.018751241563496394,-0.0998394552700195,0.09953525490288773,-0.06648958734937468,0.018586157955717636,-0.05083096142936748,-0.0010224078865535557,0.13606160406569615,-0.05064455366938478,0.025855326634877246,-0.006672565623265431,-0.03181278534575056,-0.04082199452025481,-0.005031247955401823,0.07246784603724604,0.00682139361748502,0.03266525533997068,0.00373041206347818,-0.052777301981638075,0.057019961222621846,0.014493158276328397,0.004475147063336651,0.060797399872469814
0.07268616524477473,0.01820183407514965,-0.10004709873258631,-0.08707296918962132,-0.039752554695598734,-0.05236868257146022,0.010483813139118392,-0.01313807449542342,0.0632335099252179,-0.03930039097177046,0.002640458310374759,-0.06395737040771357,0.0211810345129574,0.030524271964656208,-0.11252182120403494,0.03206620606341424,-0.016264473321716016,-0.020991979601035188,-0.014058444437522643,-0.0978657229115002,0.002627620489749037,0.13023037387613104,-0.03869180188736991,0.056235326658822526,0.002156639905122257,-0.05991381571222304,-0.006109913256802022,-0.02140040459631067,0.030995283904220173,0.01520839736958008,0.01680919774831848,0.05394976001008474,-0.017355985467277877,0.0596949937570014,0.05526869827959836,-0.01138091052831555,0.041413559743070996
0.022165527044460155,-0.12209083101037915,-0.02593816644725307,0.022700511045515855,0.02917561825841605,0.011035235551581353,-0.017617217227354084,0.03124594113257271,0.009406414592990775,0.03715792645678441,0.02451106668155395,0.03524402157317005,-0.11324392279599084,-0.013842543706117351,-0.11252182120403494,-0.011252096662104303,-0.04153347488093781,0.012962166784749759,0.006802593867728715,-0.060799691508547665,0.02993830179366182,0.03740289980666732,0.013932614627046695,0.09827885790306073,-0.006672565623265431,-0.007518127211692198,0.012297054633939077,-0.04871108590022345,0.030995283904220173,-0.033988720609789747,0.07413781747299654,0.09463014821422126,-0.00863679403725304,0.05705453544662664,0.05526869827959836,-0.026485562616878726,0.056316490638742715
0.06868761248945042,-0.11622312323379859,0.031008295692656854,0.047351988119326935,0.003998552755324309,-0.014902930895671719,0.06075551901043179,-0.13822234221137214,-0.031178703890480525,0.0354623122119158,-0.09113012133016378,0.04227740301101338,-0.006589809368536476,-0.09462623226004713,-0.006287047785307975,0.0007006551199105673,-0.12603795355685318,-0.06648958734937468,0.0016387918986176088,-0.009358399296341614,-0.053739640298015645,0.09097177820572666,0.054478671275996406,0.0038666440873623073,0.02504607893461779,-0.011548670217287095,0.007265806678537254,-0.09785872202486554,-0.0454630335243347,0.02808025918839795,0.0017045456597553042,-0.012336071443504995,-0.007438154744373957,0.07215918753518982,0.05526869827959836,0.021845008654052422,0.019263924991532004
0.06030060873735536,-0.022889439029495532,-0.03222521423256105,0.1007699065870945,-0.10187977616682711,-0.0070295353341961065,0.02319289699992068,-0.031987568792645193,0.006287047785307975,0.05352708309769326,0.029265095435346763,0.05643784635779697,-0.0034704425608536775,0.020125405725597866,-0.022149634751538996,0.13160146096630196,-0.011510444567923203,0.02733859166989596,0.03465264146270081,-0.0034535090958017767,0.02993830179366182,0.13123107882593796,-0.13923191227729997,0.04445176257083361,0.09666583147753502,-0.0405319767757754,-0.04082199452025481,-0.042951125216759756,-0.0007233606536630466,-0.12508426771594872,0.03266525533997068,-0.019365606777701102,0.04163491183406036,0.04098048364470929,-0.0015808935255889542,-0.04255961441879608,0.025936490614797435
0.022165527044460155,-0.030995283904220173,-0.03925859567040438,0.1007699065870945,-0.03405789166680185,-0.12155704432312608,0.06075551901043179,-0.13822234221137214,0.01884949429722177,0.054527788047500185,-0.05271723241146209,-0.018324856825889288,0.008313121527135241,-0.022561735136142187,0.003119366807682799,0.015801732741698223,-0.021428275290827123,-0.020991979601035188,0.003283506787209953,-0.17292179243974665,0.028242687548793208,0.11919513832454968,-0.04546133263676144,-0.03277653652218243,0.07242353126818349,-0.038887261887183056,0.0007114803606829978,-0.0330138495640832,0.05319567073469413,-0.00299343670556957,0.042480085663025274,-0.024119635531493915,-0.036737824403725514,0.06646452450639294,0.09283132029010947,0.009809068152664144,-0.07110826146096394
0.019525068734085396,-0.0028942535377476965,-0.013375719935339276,0.0008299026743366633,-0.10187977616682711,0.016866465741146468,-0.008172653943582995,-0.13822234221137214,-0.01764741481081175,0.006197216776569037,0.02806645614246768,0.030822779298752802,-0.028016083466412423,0.005420866472539192,0.12186915055339798,-0.008709333939855726,-0.016264473321716016,-0.06648958734937468,0.018586157955717636,-0.019757265535399957,0.07731575412722752,0.06682645575308946,0.09220900395902148,0.073101792399969,0.02803951564018736,-0.151009362818382,0.03236921217065427,-0.03725646218796287,0.04081011422727476,-0.031313688075410184,-0.05101268675170678,-0.04938863709071571,-0.1278333715098845,0.11908894102080954,0.035485137877363584,-0.07198317036521823,0.01998728564519505
0.06785564000501654,0.0,-0.03925859567040438,0.0018394727402644973,-0.049920478633032866,-0.016947366057100025,-0.03365669480526664,0.02534105093203287,0.03405789166680185,-0.08493290455359474,-0.000757934877667843,0.07633529467781523,0.002979200437807749,-0.04190899984858503,-0.00039972027283596357,0.13160146096630196,-0.025670887914706793,-0.11212210093119897,-0.015068014503450477,-0.009358399296341614,0.02993830179366182,0.22616135798227593,-0.048136365171141,0.01739793316703108,0.09666583147753502,-0.060637176365886086,-0.015552992961033019,0.05021934794660656,-0.016039477577912555,-0.03395414638578495,0.10428500788288791,-0.012336071443504995,-0.007438154744373957,-0.03407558588353714,-0.03822407413513369,0.0027795328184680376,0.025936490614797435
-0.03319216367737669,0.017369861590715772,-0.011035235551581353,0.07652760637774297,0.09114825115079267,0.0,0.03074792826758186,-0.027744956168765524,0.005887327512472012,-0.009876835025348314,0.049162543755365024,-0.02554448148901188,-0.012876857153844453,-0.03249901078881874,0.026938871397059996,0.04445176257083361,-0.012709083860802287,-0.02174991447870303,-0.014058444437522643,-0.07238168204981656,-0.0010569821105583521,0.10741157423656077,-0.018836695511789438,0.060716235892549625,-0.008457393467846165,0.08338160893905089,-0.010798964207240205,-0.030969414402654893,0.030995283904220173,-0.01884949429722177,0.026215612341309254,0.0005318415423171616,-0.00863679403725304,-0.03407558588353714,0.05526869827959836,0.03554884295730417,0.04928695530454661
0.0034510169321680453,0.017369861590715772,0.055250595902008384,-0.0018105556360380956,-0.01520839736958008,-0.036329204993547665,-0.06308025075168879,-0.019025764738740687,0.0,-0.006405556099223997,-0.0025427627222485774,-0.05808966263113301,-0.02873944412007547,-0.05798305165050238,-0.03399447274966418,-0.054206941688195225,-0.04081011422727476,-0.017341951224732595,0.01624567357195971,-0.041016131106312886,0.019969571714481632,0.0865505359313094,0.00022878032379494706,0.019182761011611815,0.04241594052533356,-0.03181278534575056,-0.01907208004155178,-0.05239568850053084,-0.016039477577912555,-0.004689050950438183,0.142015340565913,-0.048665276437052665,0.10655760024754841,0.19736533035278434,0.0018903854005353632,-0.005493583015843538,0.020021859869199847
-0.07160505259607838,-0.0158560575916522,-0.10004709873258631,0.01329409645252508,-0.01820183407514965,-0.014902930895671719,0.029747223317774935,-0.043442192504905774,-0.027707424964356207,0.14650801168272673,0.062034405574182896,0.07450261724357443,0.0211810345129574,-0.0011334598453150643,0.027770843881493874,0.13160146096630196,-0.00981483032305459,0.009968730079180189,-0.06320608056216473,-0.08433443383183142,0.01408224420200962,0.11919513832454968,0.024331480866105037,0.04920579132462642,0.0,-0.007518127211692198,0.009098484112778058,-0.13762352783010925,0.02929966965935156,0.0,0.10428500788288791,-0.027239002339176713,-0.021598598091157543,0.1294878072598679,0.06182302459745262,-0.07198317036521823,-0.02547574787913965
0.040916768607956545,-0.08367794209167746,-0.02798260160868138,0.027454539799308668,-0.00838700375209506,-0.12155704432312608,0.0017646217090935556,-0.09980945329267046,0.005887327512472012,0.01560720583633533,0.003650028376302593,0.06794829092572018,0.11232928566375007,-0.042666934726252874,0.0,0.019357122202611952,0.011585574273256079,-0.017341951224732595,0.1255523776134439,-0.07238168204981656,0.0016180504238212032,0.11685465394079177,0.005059305563553135,0.06827126716021081,0.041415235575526635,-0.04477458939965507,-0.003769428873044099,-0.04871108590022345,0.14329542465127393,0.013375719935339276,0.030969641095102068,0.004530394297641471,-0.030788619434123133,0.09783007544989661,-0.0310044494720111,-0.07198317036521823,0.0445329265507538
-0.0259725390142541,-0.030960709680215377,-0.026337886720089035,0.004104075109559492,0.09409830667190411,-0.015302651168507682,-0.020125405725597866,-0.006316680877938401,-0.015862586966231017,-0.009876835025348314,0.002640458310374759,0.05168381760400416,0.050356652771373446,0.006421571422346117,-0.011981710814104858,0.012282645661179462,-0.04081011422727476,0.12226887082623394,-0.03031124568961827,-0.12728927885792235,0.03975313211671641,0.15533377936824805,-0.03299713885857303,0.022581154199654417,0.04724646576509175,-0.057238783177843484,-0.010798964207240205,0.08794968062963165,0.06206897979818769,-0.031313688075410184,0.142015340565913,-0.04938863709071571,0.004072289823549246,0.10941564972315268,0.035485137877363584,0.1167752878103904,0.16033265477535755
0.07188618301061145,-0.001695614244868613,-0.0498726290433728,-0.09294067696620187,0.09409830667190411,-0.028223360118823024,0.006928423678204662,0.0020703228741566597,0.0632335099252179,0.0036544540543204593,0.04077554000326997,0.10551091293623129,-0.025341050932032868,-0.09462623226004713,0.04064270570031175,-0.02131210681564876,0.007555031267661182,-0.03706603140295254,0.044325932760357664,-0.08433443383183142,0.04730816338437759,0.12367604755827678,0.030236371066644875,0.02935068494904595,-0.02198868254751494,-0.007518127211692198,0.03236921217065427,-0.13762352783010925,-0.002508188498243781,0.10635664852037274,0.05003511693068645,-0.027638722612012678,0.011627321091210428,0.05705453544662664,0.01814318665263099,-0.022835534240576133,0.03512651195776302
0.019525068734085396,-0.001695614244868613,-0.022818799639570272,0.0008299026743366633,-0.00838700375209506,-0.015302651168507682,0.03074792826758186,0.006068875629480969,0.03725646218796287,0.06823162235075193,0.009409989059766293,0.02462998820020163,0.050356652771373446,-0.03825897147228244,0.05104157193937009,0.04445176257083361,-0.012709083860802287,0.0,0.0016387918986176088,-0.05252657567423609,0.027044048255914124,0.08290050755500682,-0.04546133263676144,0.007337923013486625,0.07242353126818349,-0.11259647389968033,-0.05266683251838,0.020072157536715193,0.024545640905558747,-0.03649690910803352,0.021051810372198148,0.004530394297641471,-0.01531155030584957,0.06296916619222423,0.035485137877363584,0.009809068152664144,0.0445329265507538
0.006922295858292363,-0.021550720620449083,-0.026337886720089035,-0.001845129860042892,-0.06523659555728238,0.004480909233727097,0.01871198776619358,-0.043442192504905774,-0.015104652088563176,0.042491847546111905,0.07243327181324125,0.026414816044782366,-0.027981509242407627,-0.020917020247549843,-0.07410893228533325,-0.006068875629480967,-0.04081011422727476,-0.02174991447870303,0.0016387918986176088,-0.041016131106312886,0.03975313211671641,0.030183275143544727,0.004259323329389844,0.12252115811241227,0.05611977482858531,-0.006718144977528907,0.03236921217065427,-0.05239568850053084,-0.0007233606536630466,0.044384015627996126,0.0016699714357505079,0.00373041206347818,0.035730021633520515,0.060704563822929235,0.0018903854005353632,-0.017075573557112433,0.020021859869199847
0.08155947430826829,0.04147256213302586,0.09593098410614491,-0.004353318358286673,-0.04919711797936982,0.10401616413661482,-0.013932614627046695,0.005268893395317678,0.04692975348561972,0.030708283458122987,0.020991979601035188,0.07450261724357443,-0.018571520182641334,-0.026804347760021857,-0.018751241563496394,-0.008709333939855726,-0.016264473321716016,0.02733859166989596,0.12260232209233246,-0.08179167110958285,0.05133870638997249,0.11919513832454968,-0.048859725824804044,0.0723018101658057,-0.09704475207576137,-0.05622921311191565,-0.009103349962371592,-0.030969414402654893,0.008105844874724641,0.10930670404148418,0.005354574036057897,-0.09412830996138737,0.010626616141403502,0.06646452450639294,0.05526869827959836,0.04594770919636251,0.12260232209233246
0.053479215119870346,-0.0028942535377476965,-0.011035235551581353,-0.001845129860042892,0.003998552755324309,0.016066483506983177,0.013378066676866088,-0.04709222088120837,0.03725646218796287,0.03715792645678441,0.14326085042726913,0.05523920706491789,-0.019910238591687782,-0.1330391211787488,-0.10665411342745437,0.025244812445929223,0.011585574273256079,0.012962166784749759,-0.07042570522528732,-0.16705408466316607,0.019969571714481632,-0.008229613775156963,-0.042187160201538614,0.007337923013486625,0.02504607893461779,-0.010716697732853216,-0.024959407554023795,-0.024294658134058365,0.033988720609789747,0.10635664852037274,0.10428500788288791,-0.13976082354321165,-0.03670325017972072,0.19736533035278434,0.08692643008956963,-0.01841429196615888,-0.03269537254226224
0.06685493505520962,-0.0158560575916522,-0.0498726290433728,-0.014413328511831129,0.0,0.0,0.0017646217090935556,-0.017827125445861604,-0.015139226312567972,0.006197216776569037,0.005914630745597588,0.17043360134971935,0.04445176257083361,-0.013842543706117351,0.027770843881493874,-0.008709333939855726,-0.011510444567923203,0.007074476541432492,0.01624567357195971,-0.0572806044280289,0.019969571714481632,0.08214257267733897,-0.027109811346101013,0.056235326658822526,0.13734621968167154,-0.14514165504180146,-0.006109913256802022,0.05021934794660656,-0.012568198651788237,-0.025882875735065102,0.05003511693068645,-0.019365606777701102,-0.005742540499505344,-0.028207878106956574,0.05526869827959836,-0.01841429196615888,-0.06524055368438336
0.122105530957218,-0.0158560575916522,-0.0498726290433728,-0.004353318358286673,0.02327072805787621,0.025739774804640028,0.010483813139118392,-0.0596949937570014,0.012961804053904505,0.008837675086943796,0.02451106668155395,-0.02554448148901188,-0.11324392279599084,-0.012643904413238267,0.003119366807682799,0.015801732741698223,0.0,0.00039972027283596357,0.0016387918986176088,-0.060799691508547665,0.03527222288298931,0.09231049661477311,-0.1008190233585983,0.0392879606017225,0.013432633966845256,-0.060637176365886086,-0.12532647319617018,0.0007999822341632906,-0.0454630335243347,-0.00299343670556957,0.011114534719521597,-0.0013008358919236428,-0.08220085792806021,0.11908894102080954,0.06765425478701773,0.01428997738639124,0.16033265477535755
-0.03319216367737669,-0.030995283904220173,0.005031247955401823,0.03896498436723187,-0.0018326774342408043,0.016866465741146468,-0.01834057788101713,-0.13822234221137214,0.0,0.06823162235075193,0.008071270650719845,0.030822779298752802,0.008313121527135241,-0.01739793316703108,0.019383840129398814,0.012282645661179462,-0.05684959180518732,-0.02174991447870303,0.018586157955717636,0.020788791113549754,0.0016180504238212032,0.09231049661477311,-0.0935993986954757,0.028011966539999503,0.023350464689749176,-0.05046925242845195,0.00826651162834418,-0.0184069678907411,0.02929966965935156,-0.050028198187702294,0.07413781747299654,-0.027638722612012678,-0.0392460129019693,0.10941564972315268,0.035485137877363584,0.04594770919636251,0.02809313051991969
0.07268616524477473,-0.11622312323379859,0.0,0.14145029479123103,-0.02817056415432984,-0.02688464170977658,-0.1028450565569325,-0.13822234221137214,-0.10623477341872696,0.08453537879035011,0.07833816201378108,0.06346738169199308,-0.030524271964656204,-0.012643904413238267,0.05104157193937009,0.03206620606341424,0.06180492221986264,0.012962166784749759,0.054724798999416006,-0.0034535090958017767,0.023488658795000394,0.12367604755827678,-0.007326250943866235,0.06727056221040388,0.04241594052533356,-0.03536817480666429,0.03827410237119411,-0.004030543005594897,0.05319567073469413,-0.031313688075410184,0.10428500788288791,-0.040559431562328024,0.10655760024754841,0.04098048364470929,0.117073620499461,-0.029028325339127303,0.12260232209233246
0.07188618301061145,-0.030960709680215377,-0.03222521423256105,-0.04730816338437759,-0.024651477073811077,-0.0053339210893274935,0.0038090568705218633,0.005268893395317678,-0.005694663028796882,0.00984724515287163,0.029265095435346763,0.1297532131455828,-0.08069874165386971,0.007253543906779996,0.03176939663681819,-0.09397174749343894,0.03756262201051111,-0.11212210093119897,-0.07042570522528732,0.05851912379657484,-0.017096459688470907,0.06682645575308946,-0.017141081266920825,0.04800715203174734,0.04644648353092846,-0.038887261887183056,-0.09278129205404906,0.009673291297656851,0.04081011422727476,-0.014606881673342103,0.023096245533626457,0.09168009269310982,-0.1278333715098845,0.1053851067175578,0.04545386795654377,-0.01138091052831555,0.05397600625498479
0.02317509711038799,-0.027310681303912784,-0.016369156640908846,-0.004353318358286673,-0.00838700375209506,0.06628583145358974,-0.0116680122577517,-0.02610024128017318,0.03222521423256105,0.14650801168272673,-3.457422400479637e-05,0.07550332219338135,-0.02873944412007547,-0.05798305165050238,-0.0374657516757885,-0.002794703194258138,0.03165773180997127,-0.020991979601035188,-0.014058444437522643,-0.07372040045886301,0.002627620489749037,-0.0023619059985763996,-0.018836695511789438,0.019182761011611815,0.02504607893461779,-0.07595329329013559,-0.006109913256802022,0.02597704773725503,0.04919711797936982,0.01920695012490439,0.0017045456597553042,-0.10134793462450996,-0.034062791869345965,0.0596949937570014,0.035884858150199546,0.11382523228927896,0.04928695530454661
0.16278591916135454,-0.001695614244868613,-0.03925859567040438,-0.014413328511831129,-0.10187977616682711,0.016066483506983177,-0.01494218469297453,-0.022581154199654417,-0.015139226312567972,0.005439281898901194,0.052361114276526045,0.05643784635779697,0.050356652771373446,-0.04190899984858503,0.03176939663681819,-0.0998394552700195,-0.00981483032305459,0.026337886720089035,-0.01846640769149308,-0.029430556833056808,-0.017096459688470907,0.11919513832454968,-0.02359072426558225,0.019182761011611815,0.03038000002394528,-0.14514165504180146,-0.010798964207240205,0.0,0.033988720609789747,0.0023404843837579233,0.026215612341309254,-0.048665276437052665,-0.002749103793935774,0.07215918753518982,0.06685427255285445,0.0027795328184680376,0.03936912458164269
0.0034510169321680453,0.03107369589396752,0.0,0.004104075109559492,-0.01520839736958008,0.10696621965772626,0.0038090568705218633,0.006068875629480969,0.03805644442212616,-0.07906519677701418,-0.000757934877667843,0.06346738169199308,0.002979200437807749,0.011252096662104305,0.006674756268596529,-0.008743908163860522,-0.04153347488093781,0.0035190870805187624,0.060629689199955844,-0.060799691508547665,-0.08628482144013677,0.11919513832454968,-0.06417584274905355,0.025855326634877246,0.018596435935956362,-0.05046925242845195,-0.030654070582820676,0.05021934794660656,0.02142627409787595,-0.03471208126345279,0.0017045456597553042,0.00373041206347818,0.015657864096805325,0.10941564972315268,0.08692643008956963,0.0027795328184680376,-0.03269537254226224
0.122105530957218,-0.03350347240246396,0.0018326774342408043,-0.001845129860042892,-0.049920478633032866,-0.0023404843837579233,-0.10871276433351307,-0.1323546344347916,0.0632335099252179,0.0036544540543204593,0.008071270650719845,0.0330873816680478,-0.030524271964656204,-0.02051729997471388,-0.01774167149756856,0.1345515164874134,0.0,0.1193188153051225,0.044325932760357664,-0.033461099838651705,0.03527222288298931,0.09231049661477311,-0.04003052029641636,0.04800715203174734,-0.006672565623265431,-0.038887261887183056,-0.018672359768715816,-0.02140040459631067,0.033988720609789747,-0.00299343670556957,0.037999176429298176,-0.10134793462450996,-0.0004086194101778507,0.09334916621616951,0.020407789021925984,0.009809068152664144,0.05098256954941523
0.055819699503628264,-0.04356348255600841,-0.041415235575526635,0.019181423964997092,-0.04551251537906244,-0.03365417245916811,0.006928423678204662,0.09616862954606076,0.0,0.014268487427288881,0.029265095435346763,0.10551091293623129,-0.08069874165386971,-0.04190899984858503,-0.06688930762221065,0.05332507163432717,0.011585574273256079,-0.06648958734937468,0.03145407094153979,-0.08182624533358765,-0.0017803427642213987,0.07029773467921378,-0.04003052029641636,0.073101792399969,-0.005914630745597588,-0.03181278534575056,0.012297054633939077,0.0007999822341632906,0.04736444054512902,0.0184069678907411,0.14496539608702444,-0.05117346493529644,0.04163491183406036,0.1053851067175578,0.04844730466211335,-0.026485562616878726,0.05397600625498479
0.022165527044460155,-0.03350347240246396,-0.01806477088577746,-0.08707296918962132,-0.04652208544499027,-0.12155704432312608,-0.07029987541481138,0.09321857402494932,0.057328619724678065,0.06823162235075193,0.04077554000326997,0.02462998820020163,-0.030524271964656204,-0.03825897147228244,0.04064270570031175,0.09387112828327689,0.00838700375209506,0.1193188153051225,-0.03031124568961827,-0.12728927885792235,0.023488658795000394,0.2232113024611645,-0.1008190233585983,0.0392879606017225,-0.01851740362139062,-0.05991381571222304,-0.010798964207240205,-0.016066483506983177,0.1026150364471374,-0.12508426771594872,0.004345003970130063,-0.02928343750060502,-0.0894204825911828,0.057019961222621846,0.06182302459745262,0.004475147063336651,-0.06524055368438336
0.16278591916135454,-0.04356348255600841,-0.04367983794482163,0.022700511045515855,0.05341791846776758,0.06628583145358974,0.05485062880989195,-0.022581154199654417,0.004242612623879668,0.00984724515287163,0.02806645614246768,-0.02554448148901188,-0.019910238591687782,0.005420866472539192,0.04064270570031175,0.020555761495491036,-0.043318302725518544,-0.012920708950315343,-0.10297088636740845,-0.09439444398537589,0.032931738499231394,0.10429220742887797,-0.04546133263676144,0.0923739677025209,-0.005949204969602384,0.002155164085964653,-0.015552992961033019,0.0007999822341632906,-0.08522783932957842,0.06862631583734766,0.023096245533626457,0.013403703361135031,-0.028631979529000876,0.0863196308819734,0.02256442892704824,0.004475147063336651,0.056316490638742715
0.03887233344652824,-0.11622312323379859,-0.048087801198792066,-0.001845129860042892,-0.04551251537906244,-0.03705256564721071,-0.017582643003349288,-0.027744956168765524,-0.06060225983690267,0.012111847522166624,0.003650028376302593,0.05643784635779697,0.005972637143377319,0.036429162165196045,0.030969414402654893,0.010637930772587118,-0.053378312879063,-0.001644714888592344,0.018586157955717636,-0.05252657567423609,0.06101199768762934,0.1109669636974745,-0.018836695511789438,0.022581154199654417,-0.0911770442991808,-0.006718144977528907,-0.03414942889698938,-0.0442898436258062,3.457422400479637e-05,-0.02803951564018736,0.05486564217044464,-0.0612334750888409,-0.1278333715098845,0.11908894102080954,0.04545386795654377,-0.026520136840883522,0.020021859869199847
0.055819699503628264,-0.03350347240246396,-0.013375719935339276,0.03214359074974685,-0.049920478633032866,-0.0053339210893274935,0.01871198776619358,-0.01313807449542342,-0.015139226312567972,0.14945806720383817,-0.0454976077483395,0.027138176698445413,0.04445176257083361,-0.03825897147228244,0.027770843881493874,-0.0006380632891358814,-0.00981483032305459,-0.0150773488554376,0.030622098457105913,-0.08433443383183142,0.01408224420200962,0.13526162183153287,-0.03299713885857303,0.08197510146346255,0.023350464689749176,0.08338160893905089,-0.04082199452025481,-0.011585574273256079,-0.0454630335243347,-0.12508426771594872,0.030969641095102068,0.004530394297641471,-0.036737824403725514,0.08156560212818059,0.06365570203169342,-0.07198317036521823,0.060797399872469814
-0.0259725390142541,-0.030960709680215377,-0.044689408010749464,0.03214359074974685,-0.06176531663115806,-0.03705256564721071,0.0038090568705218633,0.0020703228741566597,0.014160443346783588,0.0036544540543204593,0.002640458310374759,0.030822779298752802,-0.008634244529964783,0.030524271964656208,0.03176939663681819,0.0404532098155093,0.011585574273256079,0.026337886720089035,-0.03378252461574258,-0.0478375247237979,0.04630745843457067,0.10429220742887797,-0.04003052029641636,0.025855326634877246,-0.005949204969602384,-0.05622921311191565,-0.042606822364835546,-0.0442898436258062,0.04919711797936982,-0.01884949429722177,0.054065659936281346,-0.040559431562328024,0.016457846330968615,0.07640180015906949,0.06765425478701773,0.0226769811384863,-0.07110826146096394
0.04879016416943216,0.00981483032305459,-0.02798260160868138,0.019181423964997092,-0.02817056415432984,-0.12155704432312608,-0.1028450565569325,-0.031987568792645193,-0.011454623712260583,0.05855833105309508,0.14326085042726913,0.07450261724357443,0.02437960503411842,-0.04190899984858503,-0.02393446259611973,0.038620532381268495,-0.016264473321716016,-0.012920708950315343,0.0016387918986176088,-0.08179167110958285,0.018324856825889288,0.18548096977813944,-0.06417584274905355,0.019906121665274862,0.03486090925767238,-0.07248201436401128,-0.08556166739092647,-0.04644648353092846,0.04919711797936982,-0.004689050950438183,0.0017045456597553042,-0.0013008358919236428,-0.027293261119954428,0.19736533035278434,0.03384042298877124,0.0027795328184680376,0.0074190869934068135
0.019525068734085396,-0.009968730079180189,-0.048087801198792066,0.0075994334237281976,0.09409830667190411,0.011035235551581353,-0.03365669480526664,0.02534105093203287,-0.06782188450002527,0.00984724515287163,0.14326085042726913,0.06112689730823516,-0.028016083466412423,0.036429162165196045,-0.0020444351614283076,-0.02478338574177308,-0.04081011422727476,0.02817056415432984,0.029621393507298987,-0.08179167110958285,-0.0010569821105583521,0.08290050755500682,0.005059305563553135,0.0923739677025209,0.04644648353092846,-0.038487541614347094,-0.05266683251838,-0.04644648353092846,0.015139226312567972,0.06862631583734766,0.030969641095102068,-0.09412830996138737,-0.00863679403725304,0.10438440176775086,0.08692643008956963,0.0226769811384863,0.07238297414572589
0.09786323074786647,0.01820183407514965,-0.048087801198792066,0.03448407513350477,0.09114825115079267,-0.03629463076954287,-0.07029987541481138,0.005268893395317678,0.004242612623879668,0.02554448148901188,-0.09113012133016378,0.0892071564966331,0.050356652771373446,0.007253543906779996,-0.00039972027283596357,0.13160146096630196,0.09953525490288773,-0.1062543931546184,-0.009637202163105391,-0.05083096142936748,0.020369291987317597,0.11216560299035358,0.09220900395902148,0.073101792399969,-0.002264602369294995,0.08338160893905089,-0.03742360133221221,-0.04871108590022345,0.14329542465127393,-0.03471208126345279,0.005354574036057897,-0.06470475401496521,0.010626616141403502,0.09100868183241159,0.15480395318248608,0.021845008654052422,0.09245513168244109
0.06868761248945042,-0.08367794209167746,-0.019263410178656543,0.0075994334237281976,-0.04551251537906244,-0.0488974036453359,0.01871198776619358,-0.047126795105213164,0.08747581013456943,0.14650801168272673,0.02806645614246768,0.10551091293623129,-0.02873944412007547,-0.08740660759692453,0.08118876234926145,-0.054206941688195225,0.03165773180997127,0.05734618241274589,0.01325223686639014,-0.03262912735421783,0.02993830179366182,-0.008229613775156963,-0.042187160201538614,0.019906121665274862,0.009190021342965588,-0.07595329329013559,0.03827410237119411,-0.03136913467549086,0.04081011422727476,-0.00299343670556957,0.022696525260790492,-0.10134793462450996,-0.036737824403725514,0.0863196308819734,-0.0015808935255889542,-0.07920279502834082,0.03512651195776302
0.1598358636402431,0.04147256213302586,0.005831230189565113,0.04652001563489305,0.01287186181881787,0.004480909233727097,0.1227281519028084,-0.01613151120099299,0.006287047785307975,-0.07906519677701418,0.1403107949061577,0.07550332219338135,-0.018571520182641334,-0.054511772724378064,-0.02393446259611973,0.13160146096630196,-0.021428275290827123,0.05144129221220605,-0.015068014503450477,-0.16705408466316607,0.032931738499231394,0.09097177820572666,0.00022878032379494706,0.05090140556949503,0.05611977482858531,-0.060637176365886086,0.03827410237119411,-0.04644648353092846,0.005949204969602384,-0.050028198187702294,-0.08355786789382791,-0.06470475401496521,-0.005742540499505344,0.08801524512684201,0.06365570203169342,-0.0019744959353247757,0.060797399872469814
-0.07160505259607838,0.07161975254291723,0.09593098410614491,0.0602238499381448,-0.019897448320018263,-0.016947366057100025,0.02319289699992068,-0.031987568792645193,-0.009190021342965588,0.02554448148901188,0.002640458310374759,0.09960602273569144,-0.008634244529964783,-0.12717141340216825,0.009569009806344226,-0.008743908163860522,0.06180492221986264,0.015302651168507682,-0.07042570522528732,-0.07814164273328025,0.023488658795000394,-0.0023619059985763996,-0.0481017909471362,0.073101792399969,-0.01851740362139062,-0.0518079708374984,-0.018672359768715816,-0.10507834668798813,0.021026553825039984,0.10635664852037274,0.03266525533997068,-0.04938863709071571,-0.12196566373330393,0.0043373030351645525,0.050787789045871265,0.01428997738639124,0.02943184892896614
-0.06573734481949782,-0.021550720620449083,-0.016369156640908846,0.0018394727402644973,-0.06176531663115806,0.011035235551581353,-0.06308025075168879,-0.04117759013561078,0.012961804053904505,0.027189196377604224,0.0,-0.018324856825889288,0.008313121527135241,0.060671462374547576,0.019383840129398814,-0.09397174749343894,0.01238555650741937,0.01978356040223478,0.02306706718944473,-0.05372521496711517,-0.053739640298015645,0.2232113024611645,-0.017141081266920825,0.01739793316703108,0.03038000002394528,-0.007518127211692198,0.00826651162834418,-0.023096018841179282,0.008105844874724641,0.038479125427456295,0.026215612341309254,0.023802569600193373,-0.002749103793935774,0.09334916621616951,0.02390314733609469,-0.005493583015843538,0.003947808067282496
0.08155947430826829,-0.022889439029495532,0.0010007049498069256,0.1385002392701196,-0.03405789166680185,-0.028223360118823024,0.05485062880989195,0.09321857402494932,0.006287047785307975,0.04015136316235399,0.052361114276526045,0.16748354582860792,-0.1191116305725714,-0.007954853462800084,-0.011981710814104858,-0.006068875629480967,0.00838700375209506,0.04104242597314771,-0.015068014503450477,-0.17292179243974665,0.008387581173212737,0.10429220742887797,0.013932614627046695,-0.06532171766430356,0.0,-0.03181278534575056,-0.04082199452025481,-0.0330138495640832,0.04081011422727476,0.10930670404148418,0.005354574036057897,-0.10134793462450996,-0.00863679403725304,0.0562966005689588,0.035485137877363584,-0.07920279502834082,-0.03269537254226224
0.06868761248945042,-0.031718644557883216,0.0018326774342408043,-0.08707296918962132,-0.04551251537906244,0.04204353124423821,-0.0116680122577517,-0.1323546344347916,0.0632335099252179,0.02130186886513221,0.020991979601035188,0.05813346060266558,0.02034906202852352,-0.033837729197865186,-0.02142627409787595,0.04445176257083361,-0.053378312879063,-0.06648958734937468,-0.07042570522528732,-0.060799691508547665,0.032931738499231394,0.08554096586538157,0.024331480866105037,0.022581154199654417,0.041415235575526635,-0.11259647389968033,-0.042606822364835546,-0.005031247955401823,-0.012568198651788237,-0.012562446511913796,0.14496539608702444,0.023802569600193373,0.012459293575644306,0.05705453544662664,0.03900422495788235,-0.017075573557112433,0.041413559743070996
0.08155947430826829,0.00981483032305459,0.09593098410614491,0.03214359074974685,-0.04551251537906244,0.004480909233727097,0.1227281519028084,-0.06316627268312572,-0.027707424964356207,0.14650801168272673,-0.012602772875793034,0.02462998820020163,0.01279403076086234,-0.05798305165050238,-0.013320429223151306,0.0404532098155093,0.10248531042399917,0.026337886720089035,0.030622098457105913,-0.045497040340039985,0.10155805433657905,0.103892487156042,-0.04546133263676144,0.08197510146346255,0.04724646576509175,-0.025925095102433297,0.021970345931595928,0.0908997361507431,-0.016039477577912555,-0.024544157326018654,0.021051810372198148,-0.04271607146745028,-0.03746118505738856,0.07640180015906949,0.020407789021925984,0.01428997738639124,0.16033265477535755
0.0034510169321680453,-0.07645831742855487,-0.044689408010749464,0.019581144237833057,-0.06176531663115806,-0.03705256564721071,0.013378066676866088,-0.04445176257083361,0.03222521423256105,0.008837675086943796,0.07243327181324125,0.0481647305234854,-0.04405556104432498,-0.013842543706117351,0.11891909503228654,0.027585296829687144,-0.04153347488093781,0.015302651168507682,0.010357983328642444,-0.029430556833056808,-0.01362518076234659,0.10429220742887797,-0.05064455366938478,0.02359072426558225,0.018596435935956362,-0.03181278534575056,0.021970345931595928,-0.04644648353092846,0.04919711797936982,-0.11921655993936817,0.142015340565913,0.004530394297641471,0.04163491183406036,0.0784462353204978,0.05526869827959836,-0.0019744959353247757,0.06918440362456488
0.07268616524477473,-0.027310681303912784,-0.138459987651288,0.01329409645252508,-0.029815279042922183,-0.02688464170977658,0.12567820742391983,-0.01313807449542342,0.014160443346783588,0.10877767899970164,0.029265095435346763,0.10551091293623129,0.11527934118486151,-0.020917020247549843,0.007873395561475613,-0.002794703194258138,-0.12603795355685318,-0.03706603140295254,0.01325223686639014,0.05851912379657484,0.14223844254071558,0.10741157423656077,-0.04445176257083361,-0.06532171766430356,-0.09704475207576137,-0.010716697732853216,-0.015552992961033019,-0.016066483506983177,0.036329204993547665,0.01520839736958008,0.08004270767353638,-0.04271607146745028,0.10360754472643698,0.10941564972315268,0.03384042298877124,0.05185259939690235,0.08205626544338274
0.06785564000501654,0.0473774523335657,0.055250595902008384,0.03896498436723187,-0.14029266508552882,-0.02688464170977658,0.010483813139118392,-0.031987568792645193,-0.015862586966231017,0.054527788047500185,0.07833816201378108,0.02717275092245021,-0.07347911699074712,0.036429162165196045,-0.00039972027283596357,0.027585296829687144,-0.01978356040223478,-0.1062543931546184,0.01624567357195971,-0.07238168204981656,0.007048862764166289,0.1612386695687879,-0.0481017909471362,0.0392879606017225,-0.0911770442991808,0.08338160893905089,-0.003769428873044099,-0.004030543005594897,0.02929966965935156,-0.024544157326018654,-0.04379306208858419,-0.04271607146745028,-0.12196566373330393,0.10438440176775086,0.02390314733609469,0.05185259939690235,-0.02547574787913965
0.047591524876553076,-0.11622312323379859,0.031008295692656854,0.01329409645252508,-0.09466015150370452,0.012867912985822157,-0.0024779909147861125,-0.025700521007337215,-0.06060225983690267,0.008837675086943796,0.020991979601035188,0.06794829092572018,0.050356652771373446,0.011252096662104305,-0.018751241563496394,0.06372393787338551,-0.04081011422727476,-0.021026553825039984,0.006802593867728715,-0.060399971235711704,0.007048862764166289,0.13123107882593796,-0.02671009107326505,0.02359072426558225,0.0150773488554376,-0.006718144977528907,-0.031992788991867124,-0.05239568850053084,0.02142627409787595,0.013375719935339276,0.005354574036057897,0.09463014821422126,0.10360754472643698,0.20031538587389577,-0.07076925527725482,0.004475147063336651,-0.07110826146096394
0.04879016416943216,-0.009968730079180189,-0.041415235575526635,0.017536709076404748,-0.012867912985822157,-0.12742475209970666,0.02319289699992068,-0.047126795105213164,0.0158560575916522,0.0354623122119158,0.003650028376302593,0.06794829092572018,-0.008634244529964783,-0.01739793316703108,0.12186915055339798,0.020555761495491036,-0.021428275290827123,0.02817056415432984,0.0036832270600459164,-0.08182624533358765,0.019969571714481632,0.08286593333100202,-0.02003533480466852,0.073101792399969,0.04644648353092846,-0.07248201436401128,-0.003769428873044099,-0.027850047594972095,0.021026553825039984,-0.024544157326018654,0.05003511693068645,-0.007855162209777899,-0.00863679403725304,0.0043373030351645525,0.03900422495788235,-0.1176156839470425,0.041013839470235035
0.09195834054732663,-0.0158560575916522,-0.019263410178656543,-0.054527788047500185,-0.01520839736958008,0.03613864104369837,0.006928423678204662,-0.09258982862954787,0.012961804053904505,0.01560720583633533,-0.0025427627222485774,0.05168381760400416,0.034052896331775266,0.006421571422346117,-0.01774167149756856,-0.054206941688195225,0.00838700375209506,0.008273115834311576,0.060629689199955844,-0.029430556833056808,-0.0010224078865535557,0.15533377936824805,-0.017141081266920825,0.025855326634877246,0.03486090925767238,0.002155164085964653,0.00826651162834418,-0.004030543005594897,-0.002508188498243781,-0.050028198187702294,0.08004270767353638,-0.012336071443504995,-0.028631979529000876,0.06296916619222423,0.035884858150199546,0.020844303704245497,-0.07110826146096394
0.07268616524477473,-0.030995283904220173,-0.044689408010749464,-0.09294067696620187,-0.00838700375209506,0.004480909233727097,0.03557845350734005,0.005268893395317678,0.057328619724678065,0.006197216776569037,-0.05271723241146209,0.029813209232824968,-0.04405556104432498,-0.054511772724378064,0.12186915055339798,0.09387112828327689,-0.011510444567923203,0.0,0.029621393507298987,-0.06244440639714001,-0.053739640298015645,0.0865505359313094,-0.027109811346101013,0.06827126716021081,0.022151825396870092,-0.03061414605287148,0.007265806678537254,-0.03725646218796287,-0.05268265818745729,-0.03471208126345279,0.10428500788288791,-0.019365606777701102,-0.03746118505738856,0.10438440176775086,0.02390314733609469,-0.01841429196615888,0.01747909714695127
0.053479215119870346,0.017369861590715772,0.0,0.019181423964997092,-0.05170530647761361,-0.0053339210893274935,-0.06308025075168879,-0.043442192504905774,0.0,-0.03930039097177046,0.030960709680215377,0.07450261724357443,-0.012876857153844453,-0.02051729997471388,-0.021391699873871153,0.022251375740359652,-0.03136555094350367,0.02733859166989596,-0.011793842068227648,-0.0572806044280289,0.06101199768762934,0.13023037387613104,0.024331480866105037,0.06727056221040388,0.013432633966845256,-0.025925095102433297,-0.020716794930144125,0.05021934794660656,-0.08522783932957842,-0.046556919261577984,0.009775816310475149,-0.06470475401496521,-0.01219218349816677,0.15963499766975925,0.035884858150199546,-0.007138297904435882,-0.07110826146096394
0.02759633938480524,-0.0028942535377476965,0.005831230189565113,0.017536709076404748,-0.00838700375209506,-0.08901186318100496,0.03557845350734005,-0.06316627268312572,0.033225919182367974,0.02554448148901188,0.04077554000326997,0.06346738169199308,0.050356652771373446,-0.054511772724378064,-0.021391699873871153,-0.011252096662104303,0.03165773180997127,-0.02174991447870303,0.01624567357195971,-0.060399971235711704,0.020369291987317597,0.13206305131037185,-0.05064455366938478,0.04800715203174734,0.03486090925767238,-0.03061414605287148,-0.015552992961033019,-0.05239568850053084,0.028101030366472476,-0.009443079704230996,-0.05101268675170678,-0.007855162209777899,-0.015711270578685533,0.06296916619222423,0.06685427255285445,-0.005493583015843538,0.003947808067282496
0.0034510169321680453,-0.07645831742855487,-0.011035235551581353,0.0075994334237281976,-0.049162543755365024,-0.0023404843837579233,-0.03365669480526664,-0.010797590111665497,-0.015862586966231017,0.014268487427288881,0.0,0.05643784635779697,-0.02206687849681004,-0.08740660759692453,0.014902930895671719,0.13160146096630196,-0.053378312879063,0.05734618241274589,-0.017708472813825236,-0.0572806044280289,-0.0010569821105583521,0.1109669636974745,-0.028754526234693358,0.04445176257083361,0.02803951564018736,-0.038887261887183056,-0.006109913256802022,-0.04644648353092846,0.0036846026003073892,0.06862631583734766,0.054065659936281346,-0.10134793462450996,-0.052777301981638075,0.05705453544662664,-0.0310044494720111,0.03554884295730417,-0.06524055368438336
0.040517048335120584,0.00299343670556957,0.031008295692656854,0.022700511045515855,-0.10187977616682711,0.03613864104369837,0.006928423678204662,-0.01313807449542342,0.006287047785307975,0.042491847546111905,0.052361114276526045,-0.02554448148901188,0.11232928566375007,0.1013518505786841,-0.00039972027283596357,0.020555761495491036,-0.04077554000326997,0.012962166784749759,-0.06320608056216473,-0.060399971235711704,0.07141086392668769,0.06682645575308946,-0.011807160177593331,0.02359072426558225,0.0150773488554376,-0.04477458939965507,-0.036414031266284376,-0.023096018841179282,0.05239568850053084,-0.050028198187702294,0.007619176405352892,-0.040559431562328024,0.10360754472643698,-0.03407558588353714,0.03900422495788235,-0.026485562616878726,0.019263924991532004
-0.06573734481949782,0.0473774523335657,-0.037919877261357926,0.02915015404417728,-0.10187977616682711,-0.0070295353341961065,0.0038090568705218633,0.006068875629480969,-0.031178703890480525,0.054527788047500185,0.015104652088563176,0.0892071564966331,0.11232928566375007,0.09840179505757266,-0.02142627409787595,0.03206620606341424,0.10248531042399917,0.08158848262209742,0.12260232209233246,-0.17292179243974665,0.07731575412722752,0.1109669636974745,0.0010607528082288258,0.056235326658822526,0.04724646576509175,0.042701220734914364,-0.036414031266284376,0.0007999822341632906,0.07246784603724604,-0.025882875735065102,0.054065659936281346,-0.03922071315328157,-0.03746118505738856,0.10438440176775086,0.03384042298877124,-0.005093862743007575,0.02943184892896614
0.16278591916135454,-0.030995283904220173,-0.06340391812304158,-0.0018105556360380956,-0.0018326774342408043,-0.032644602393240275,0.05485062880989195,-0.03902095023048852,-0.06060225983690267,0.05935831328725837,0.0,0.04856445079632136,-0.1191116305725714,0.006421571422346117,0.02593816644725307,0.027585296829687144,-0.03486090925767238,0.1193188153051225,-0.020251235536073813,-0.009358399296341614,0.05213868862413578,0.10429220742887797,-0.02003533480466852,0.02935068494904595,-0.008457393467846165,-0.04477458939965507,-0.010798964207240205,-0.03725646218796287,0.05239568850053084,0.02808025918839795,0.05003511693068645,0.02970745980073321,-0.052777301981638075,0.15963499766975925,0.02390314733609469,0.007468583768906221,0.01747909714695127
0.053479215119870346,0.0,-0.03925859567040438,-0.0025684905137059386,0.01287186181881787,0.03613864104369837,0.03477847127317676,-0.03768223182144208,-0.012464193778188417,0.014268487427288881,0.14326085042726913,-0.05808966263113301,-0.11324392279599084,-0.0011334598453150643,0.003119366807682799,0.027585296829687144,-0.021428275290827123,-0.012920708950315343,-0.01846640769149308,-0.060799691508547665,0.0016180504238212032,0.06682645575308946,-0.0007719246260119786,0.025855326634877246,-0.005949204969602384,-0.057238783177843484,-0.05613811144450432,-0.0184069678907411,0.015139226312567972,0.0023404843837579233,0.10428500788288791,-0.024119635531493915,-0.052777301981638075,0.13539269746040772,0.117073620499461,-0.01841429196615888,0.01747909714695127
-0.07160505259607838,0.0,-0.011035235551581353,0.05055055864048795,-0.09466015150370452,-0.12155704432312608,0.0017646217090935556,-0.010797590111665497,0.0632335099252179,0.10877767899970164,0.1403107949061577,0.04856445079632136,0.0211810345129574,-0.033837729197865186,-0.02142627409787595,-0.02131210681564876,-0.03136555094350367,0.05144129221220605,-0.0026038207252620594,-0.08182624533358765,-0.01362518076234659,0.07029773467921378,0.013932614627046695,0.05389484227506461,0.03486090925767238,-0.03536817480666429,0.009098484112778058,-0.0442898436258062,0.04919711797936982,0.01920695012490439,0.03266525533997068,-0.020564246070580185,0.004072289823549246,0.10621707920199167,-0.07076925527725482,0.009809068152664144,-0.03269537254226224
-0.0259725390142541,0.0,-0.01806477088577746,0.05055055864048795,-0.13442495730894824,-0.0070295353341961065,0.04445176257083361,0.00023764543991585535,0.03725646218796287,-0.07906519677701418,0.03395414638578495,-0.02554448148901188,0.07459895298072498,0.010452114427941014,-0.013320429223151306,0.0007006551199105673,0.03756262201051111,-0.005887327512472012,0.03465264146270081,-0.17292179243974665,0.06101199768762934,0.10224777226744966,-0.060704563822929235,0.019906121665274862,0.0034953583141687054,0.08338160893905089,0.0007114803606829978,0.0,0.02142627409787595,-0.046556919261577984,0.142015340565913,-0.0003001309421167171,-0.036737824403725514,0.0043373030351645525,0.02256442892704824,0.021845008654052422,-0.02547574787913965
0.02317509711038799,0.04147256213302586,0.0,0.14145029479123103,0.09114825115079267,-0.015302651168507682,-0.10871276433351307,-0.03768223182144208,-0.011454623712260583,-0.03930039097177046,0.003650028376302593,0.04652001563489305,0.0012835861929391358,0.030524271964656208,0.0,0.022251375740359652,0.0,0.01978356040223478,0.0016387918986176088,-0.0978657229115002,0.028242687548793208,0.0888151383006044,-0.02003533480466852,0.09827885790306073,0.0,-0.151009362818382,0.00826651162834418,-0.04644648353092846,-0.002508188498243781,-0.03649690910803352,0.054065659936281346,-0.0459902439026731,-0.0004086194101778507,-0.028207878106956574,0.04844730466211335,-0.029028325339127303,0.02367188824550244
0.06785564000501654,0.07161975254291723,-0.059932639196917256,0.07062271617720314,0.09114825115079267,-0.036329204993547665,0.02319289699992068,-0.03768223182144208,0.03725646218796287,0.012111847522166624,0.1025804622231326,0.029813209232824968,-0.02206687849681004,0.036429162165196045,-0.00039972027283596357,-0.02131210681564876,-0.13190566133343373,0.01978356040223478,-0.03378252461574258,-0.08179167110958285,0.019969571714481632,0.11386121723522219,-0.0007719246260119786,0.028011966539999503,0.02803951564018736,-0.007518127211692198,0.012297054633939077,-0.03136913467549086,3.457422400479637e-05,0.0023404843837579233,0.01680919774831848,0.05394976001008474,-0.028631979529000876,0.060704563822929235,0.15775400870359751,0.004475147063336651,0.07238297414572589
0.06785564000501654,0.04147256213302586,-0.04732986632112422,0.006260715014681749,-0.039752554695598734,-0.015302651168507682,0.06075551901043179,-0.006316680877938401,-0.012464193778188417,0.046972756779839,0.020991979601035188,0.08033384743313954,-0.00698952964137244,-0.01739793316703108,-0.015477069128273563,0.04365178033667032,-0.08627314775160946,0.007074476541432492,0.010357983328642444,-0.0978657229115002,0.10155805433657905,0.08554096586538157,0.005059305563553135,0.03504534797784283,0.02504607893461779,-0.010716697732853216,0.10319679078468216,0.009673291297656851,-0.08522783932957842,0.06862631583734766,0.0016699714357505079,-0.13389311576663107,-0.08220085792806021,0.057019961222621846,0.03384042298877124,-0.1176156839470425,0.056316490638742715
0.122105530957218,0.03107369589396752,0.0018326774342408043,-0.017884607437955446,-0.09466015150370452,-0.02688464170977658,0.006928423678204662,-0.022581154199654417,0.004242612623879668,0.14945806720383817,0.052361114276526045,-0.018324856825889288,-0.07347911699074712,-0.04445176257083361,0.05104157193937009,-0.009467268817523569,0.0,-0.021026553825039984,0.03465264146270081,-0.0572806044280289,0.05133870638997249,0.13023037387613104,-0.03869180188736991,0.01739793316703108,0.04241594052533356,-0.053964610742620656,-0.01907208004155178,0.02597704773725503,0.04736444054512902,0.02808025918839795,0.022696525260790492,0.023802569600193373,-0.01219218349816677,0.10621707920199167,0.0144585840523236,-0.0019744959353247757,0.09836002188298093
0.07188618301061145,-0.02504607893461779,-0.01806477088577746,0.1385002392701196,-0.043247913009767436,-0.00822817462707519,0.04445176257083361,-0.027744956168765524,-0.1003670656421464,0.04015136316235399,0.003650028376302593,0.1297532131455828,-0.02873944412007547,-0.04194357407258983,-0.01774167149756856,0.05332507163432717,-0.08627314775160946,0.03216911690965415,0.0036832270600459164,-0.0825496059872507,0.05213868862413578,0.18548096977813944,-0.028754526234693358,-0.07118942544088412,0.04241594052533356,-0.05622921311191565,0.00826651162834418,-0.10507834668798813,0.015139226312567972,0.00682139361748502,0.05486564217044464,-0.027239002339176713,0.035730021633520515,0.09100868183241159,0.0018903854005353632,0.0226769811384863,0.09836002188298093
0.03462972082264857,0.03107369589396752,0.0018326774342408043,0.017536709076404748,0.01287186181881787,-0.01178356408798892,-0.0024779909147861125,0.09321857402494932,-0.007033381437843331,0.02758891665044019,-0.09113012133016378,0.06112689730823516,0.034052896331775266,-0.03599436910298744,0.003119366807682799,0.03206620606341424,-0.025670887914706793,-0.06648958734937468,0.08487198940930737,-0.033461099838651705,0.008387581173212737,0.22616135798227593,-0.014147644561351255,0.0392879606017225,-0.01851740362139062,-0.007518127211692198,-0.031992788991867124,-0.0442898436258062,0.07837273623778587,-0.005887690243317267,0.037999176429298176,-0.027239002339176713,0.015657864096805325,0.06646452450639294,0.06182302459745262,0.02587555165964732,-0.06524055368438336
-0.07160505259607838,0.00299343670556957,0.09298092858503347,0.04551931068508613,-0.029815279042922183,-0.015302651168507682,-0.017617217227354084,0.005268893395317678,0.033225919182367974,-0.006405556099223997,-0.05271723241146209,0.04856445079632136,-0.027981509242407627,0.1013518505786841,-0.021391699873871153,0.13160146096630196,-0.12603795355685318,-0.020991979601035188,0.02306706718944473,-0.05252657567423609,0.019969571714481632,0.08214257267733897,-0.13336420450071942,0.05090140556949503,0.002156639905122257,-0.038887261887183056,0.00826651162834418,-0.023096018841179282,0.028101030366472476,0.06862631583734766,0.142015340565913,-0.04498067383674527,-0.005742540499505344,0.10438440176775086,0.05526869827959836,-0.029028325339127303,0.05397600625498479
-0.07160505259607838,0.0,-0.048087801198792066,0.022700511045515855,0.02917561825841605,-0.0070295353341961065,-0.01834057788101713,0.02534105093203287,-0.06782188450002527,0.0036544540543204593,0.03395414638578495,0.06112689730823516,0.0012835861929391358,-0.010948290168369654,0.007873395561475613,-0.011252096662104303,-0.04077554000326997,0.015302651168507682,0.03145407094153979,-0.05252657567423609,0.007048862764166289,0.11919513832454968,-0.04546133263676144,0.01739793316703108,-0.005914630745597588,-0.01254937516709402,0.03827410237119411,-0.03136913467549086,0.06206897979818769,0.06862631583734766,0.009775816310475149,-0.027239002339176713,-0.0894204825911828,0.09783007544989661,0.020407789021925984,0.07609489960625387,-0.06524055368438336
-0.07160505259607838,0.11230014074705376,0.0018326774342408043,0.05135054087465124,-0.027770843881493874,-0.03705256564721071,0.029747223317774935,-0.09258982862954787,-0.007033381437843331,0.02554448148901188,0.030960709680215377,0.10551091293623129,-0.07347911699074712,-0.04190899984858503,-0.011981710814104858,0.05332507163432717,0.01238555650741937,0.00039972027283596357,-0.017708472813825236,-0.05083096142936748,0.032931738499231394,0.2232113024611645,-0.060704563822929235,0.12252115811241227,0.013432633966845256,-0.010716697732853216,-0.042606822364835546,-0.011585574273256079,-0.002508188498243781,0.10930670404148418,0.026215612341309254,-0.027638722612012678,-0.08220085792806021,0.11021563195731598,0.03900422495788235,0.11382523228927896,0.16328271029646899
0.09786323074786647,0.017369861590715772,-0.03222521423256105,-0.017884607437955446,-0.04919711797936982,-0.021189978680979694,-0.01834057788101713,0.00023764543991585535,0.03405789166680185,0.14945806720383817,0.04732986632112422,0.07633529467781523,-0.0034704425608536775,-0.04194357407258983,-0.021391699873871153,0.03206620606341424,-0.03486090925767238,0.05144129221220605,0.011556622621521528,-0.12728927885792235,0.028242687548793208,0.1449349131291897,-0.04003052029641636,-0.03277653652218243,0.13734621968167154,-0.023584610718675375,-0.05266683251838,-0.04871108590022345,0.0026750325343795553,-0.014606881673342103,0.026215612341309254,-0.019365606777701102,-0.03305322180341813,0.13539269746040772,0.050787789045871265,0.004475147063336651,0.02367188824550244
0.0034510169321680453,-0.022889439029495532,-0.059932639196917256,0.05055055864048795,0.09114825115079267,-0.016947366057100025,0.12567820742391983,-0.13822234221137214,0.009406414592990775,0.05855833105309508,0.021391699873871153,0.03524402157317005,0.034052896331775266,-0.010948290168369654,-0.013320429223151306,0.015801732741698223,-0.04153347488093781,0.007074476541432492,-0.03378252461574258,-0.08433443383183142,-0.09215252921671734,0.08554096586538157,-0.017141081266920825,0.16025149079543735,-0.003274172435222829,-0.0518079708374984,-0.003769428873044099,-0.024294658134058365,-0.08522783932957842,-0.014606881673342103,-0.0008382170624932732,-0.019365606777701102,-0.052777301981638075,0.05705453544662664,0.02959781036489157,0.0015808935255889542,0.03512651195776302
0.02759633938480524,-0.03350347240246396,-0.044689408010749464,0.14145029479123103,-0.0018326774342408043,0.012035940501388278,-0.009511372352629444,-0.022581154199654417,-0.009190021342965588,0.00616264255256424,0.04077554000326997,-0.02554448148901188,-0.04405556104432498,-0.013842543706117351,0.003119366807682799,-0.002794703194258138,-0.09349277241473206,-0.03359475247682822,0.02306706718944473,-0.019757265535399957,0.13928838701960414,0.030183275143544727,-0.027109811346101013,0.1632015463165488,0.03486090925767238,0.002155164085964653,0.10319679078468216,-0.011585574273256079,0.00944456328377109,-0.07945175413412445,0.03266525533997068,-0.048665276437052665,-0.021598598091157543,0.04098048364470929,0.05526869827959836,0.04594770919636251,0.01747909714695127
0.044036135415639346,-0.04356348255600841,-0.013375719935339276,0.019581144237833057,-0.00838700375209506,-0.02688464170977658,-0.1028450565569325,-0.09258982862954787,-0.01764741481081175,0.00984724515287163,0.1025804622231326,0.0892071564966331,-0.006589809368536476,0.010452114427941014,0.026938871397059996,0.1345515164874134,-0.05684959180518732,0.0035190870805187624,-0.0026038207252620594,-0.08433443383183142,-0.04652001563489305,0.10741157423656077,-0.017141081266920825,0.1632015463165488,0.0,-0.03181278534575056,0.021970345931595928,-0.13762352783010925,3.457422400479637e-05,0.038479125427456295,0.0017045456597553042,-0.02928343750060502,-0.01219218349816677,0.0863196308819734,0.15775400870359751,0.01428997738639124,-0.02547574787913965
-0.07160505259607838,-0.07645831742855487,-0.13259227987470745,-0.017884607437955446,-0.012867912985822157,-0.0053339210893274935,-0.01834057788101713,0.006068875629480969,-0.031178703890480525,-0.07906519677701418,0.03629463076954287,0.16748354582860792,0.005972637143377319,0.060671462374547576,0.02593816644725307,-0.011252096662104303,-0.03270426935255012,-0.03706603140295254,0.01325223686639014,-0.07372040045886301,0.002627620489749037,0.0888151383006044,-0.042187160201538614,0.0923739677025209,0.041415235575526635,-0.038887261887183056,0.06251640258054564,-0.011585574273256079,0.07837273623778587,-0.01884949429722177,-0.05101268675170678,-0.10134793462450996,-0.021598598091157543,0.09783007544989661,0.04844730466211335,-0.023845104306503967,-0.06524055368438336
0.02317509711038799,0.0473774523335657,-0.019263410178656543,0.03214359074974685,0.09409830667190411,0.016066483506983177,-0.1028450565569325,0.006068875629480969,-0.011454623712260583,0.06823162235075193,0.008071270650719845,0.07633529467781523,-0.008634244529964783,-0.03249901078881874,0.009569009806344226,0.04445176257083361,-0.03813508169289521,-0.07370921201249728,0.01624567357195971,-0.16705408466316607,0.03527222288298931,0.0865505359313094,-0.02671009107326505,0.04800715203174734,0.07242353126818349,-0.0405319767757754,0.10319679078468216,-0.023096018841179282,0.07837273623778587,0.038479125427456295,0.0637389512339382,0.0005318415423171616,0.012459293575644306,0.0562966005689588,0.06365570203169342,-0.017075573557112433,0.02367188824550244
0.08155947430826829,-0.009968730079180189,-0.10004709873258631,-0.0018105556360380956,-0.024651477073811077,-0.08901186318100496,0.013378066676866088,-0.017827125445861604,-0.1003670656421464,0.0036544540543204593,-0.08526241355358322,0.17043360134971935,0.005972637143377319,0.020125405725597866,-0.015477069128273563,0.13160146096630196,-0.037125511626967374,0.08158848262209742,0.030622098457105913,-0.0572806044280289,0.06101199768762934,0.11386121723522219,-0.048136365171141,0.0923739677025209,0.0150773488554376,-0.028918531808002867,0.013097036868102367,0.020072157536715193,0.04081011422727476,0.014376424885146202,-0.04379306208858419,-0.014676555827262919,-0.027293261119954428,0.06646452450639294,0.01195039555407982,0.004475147063336651,0.022662318179574606
-0.03319216367737669,0.02140040459631067,0.09298092858503347,-0.054527788047500185,-0.03405789166680185,-0.014902930895671719,0.04445176257083361,-0.04785015575887621,0.03405789166680185,0.03715792645678441,0.07243327181324125,0.027138176698445413,0.050356652771373446,-0.03825897147228244,-0.022149634751538996,0.010637930772587118,-0.037125511626967374,-0.001644714888592344,-0.008298483754058943,-0.06244440639714001,-0.0010569821105583521,0.103892487156042,0.013932614627046695,0.12252115811241227,0.022151825396870092,0.012554030325022995,-0.011997603500119289,-0.04644648353092846,-0.05268265818745729,-0.012962166784749759,0.005354574036057897,-0.13389311576663107,-0.030788619434123133,0.19736533035278434,0.013735223398660554,0.05185259939690235,0.02943184892896614
0.044036135415639346,-0.006449642998661426,0.014704539253058674,0.006260715014681749,0.02327072805787621,-0.12155704432312608,-0.020125405725597866,0.02534105093203287,0.021189978680979694,0.0354623122119158,0.07243327181324125,0.06346738169199308,-0.08069874165386971,-0.04190899984858503,0.006674756268596529,-0.054206941688195225,-0.011510444567923203,-0.012920708950315343,-0.020251235536073813,-0.0034535090958017767,-0.017096459688470907,0.13123107882593796,-0.13923191227729997,0.06727056221040388,-0.006672565623265431,-0.05987924148821824,-0.01907208004155178,-0.05490387699877462,0.07246784603724604,-0.01884949429722177,0.023096245533626457,0.00373041206347818,0.016457846330968615,0.0562966005689588,0.06282372954725954,0.07609489960625387,0.05397600625498479
0.1598358636402431,-0.006449642998661426,-0.013375719935339276,0.027454539799308668,-0.012867912985822157,0.10401616413661482,0.03477847127317676,-0.022581154199654417,-0.06060225983690267,-0.07906519677701418,0.1403107949061577,0.04856445079632136,-0.025341050932032868,0.005420866472539192,-0.011981710814104858,-0.009467268817523569,-0.037125511626967374,-0.01835152129066043,0.060629689199955844,-0.0572806044280289,0.01408224420200962,0.03740289980666732,-0.04546133263676144,0.04920579132462642,-0.01851740362139062,-0.10537684923655774,0.007265806678537254,-0.0330138495640832,-0.0007233606536630466,0.038479125427456295,-0.014369506142162047,-0.03352605012448469,-0.036737824403725514,0.0784462353204978,0.01195039555407982,0.007468583768906221,0.04928695530454661
0.04879016416943216,0.10935008522594232,-0.006554326317854256,-0.001845129860042892,-0.043247913009767436,-0.12742475209970666,0.05485062880989195,0.005268893395317678,-0.015862586966231017,-0.04652001563489305,0.14326085042726913,0.07953386519897626,-0.11324392279599084,-0.022561735136142187,0.006674756268596529,-0.009467268817523569,0.06180492221986264,-0.001644714888592344,-0.0026038207252620594,-0.019757265535399957,0.007048862764166289,0.07029773467921378,-0.1008190233585983,0.16025149079543735,0.041415235575526635,-0.060637176365886086,-0.018672359768715816,-0.09785872202486554,0.036329204993547665,0.044384015627996126,0.03266525533997068,-0.027638722612012678,-0.03746118505738856,0.10941564972315268,0.01195039555407982,-0.07198317036521823,0.16328271029646899
0.0034510169321680453,-0.04356348255600841,0.031008295692656854,0.02915015404417728,-0.13442495730894824,0.04204353124423821,-0.07029987541481138,0.005268893395317678,-0.011454623712260583,0.06823162235075193,0.04833057127093115,0.17043360134971935,0.005972637143377319,-0.012643904413238267,0.009569009806344226,-0.002794703194258138,-0.13190566133343373,-0.01835152129066043,0.030622098457105913,-0.028630574598893517,0.14223844254071558,0.10224777226744966,0.013932614627046695,0.0923739677025209,0.013432633966845256,-0.04477458939965507,-0.13119418097275076,-0.052361114276526045,0.030995283904220173,0.013375719935339276,0.029771001802222984,-0.020564246070580185,-0.03746118505738856,0.0596949937570014,0.020407789021925984,0.004475147063336651,0.060797399872469814
0.053479215119870346,-0.028320251369840618,0.09593098410614491,0.04551931068508613,-0.039752554695598734,-0.015302651168507682,-0.0024779909147861125,0.0020703228741566597,0.012961804053904505,0.04015136316235399,-0.09113012133016378,0.014569978046657175,-0.028016083466412423,-0.010948290168369654,-0.02393446259611973,0.1345515164874134,0.011585574273256079,-0.023534742323283765,0.08487198940930737,-0.08182624533358765,-0.04652001563489305,0.2232113024611645,0.024331480866105037,0.060716235892549625,0.04644648353092846,-0.0405319767757754,0.03827410237119411,-0.052361114276526045,0.06206897979818769,0.0,0.023096245533626457,-0.03922071315328157,-0.002749103793935774,-0.028207878106956574,0.01814318665263099,0.04594770919636251,0.0445329265507538
0.040517048335120584,0.04147256213302586,0.005831230189565113,0.1007699065870945,-0.04109127310464518,-0.038837393491791446,0.08499781921978332,0.0020703228741566597,0.025670887914706793,0.008837675086943796,0.062034405574182896,0.10551091293623129,-0.07347911699074712,0.007253543906779996,0.11891909503228654,-0.02131210681564876,0.00838700375209506,-0.11212210093119897,0.029621393507298987,-0.0825496059872507,0.03527222288298931,0.13206305131037185,-0.02003533480466852,0.01739793316703108,-0.006672565623265431,-0.01254937516709402,-0.05266683251838,-0.030969414402654893,0.14329542465127393,0.02808025918839795,0.007619176405352892,-0.0612334750888409,-0.03305322180341813,0.15963499766975925,0.03384042298877124,0.0226769811384863,0.056316490638742715
0.047591524876553076,-0.0158560575916522,0.005831230189565113,0.03214359074974685,-0.04652208544499027,0.012035940501388278,0.013378066676866088,-0.010797590111665497,0.08747581013456943,-0.009876835025348314,0.07833816201378108,0.026414816044782366,0.11232928566375007,0.006421571422346117,-0.013320429223151306,-0.02131210681564876,0.006554326317854256,-0.023534742323283765,0.01325223686639014,-0.019757265535399957,-0.01362518076234659,0.10224777226744966,-0.028754526234693358,0.019182761011611815,0.1343961641605601,0.002155164085964653,-0.05266683251838,-0.024294658134058365,0.07837273623778587,0.013375719935339276,0.05003511693068645,0.05394976001008474,0.10655760024754841,0.011556927698287145,0.01814318665263099,0.11382523228927896,0.07238297414572589
0.06868761248945042,-0.001695614244868613,-0.026337886720089035,-0.001845129860042892,-0.027770843881493874,-0.08901186318100496,0.05485062880989195,0.09321857402494932,0.014160443346783588,0.030708283458122987,-0.05271723241146209,-0.06395737040771357,-0.028016083466412423,-0.05798305165050238,0.0,0.1345515164874134,-0.03136555094350367,0.00039972027283596357,0.018586157955717636,-0.07915121279920809,-0.01362518076234659,0.0888151383006044,0.054478671275996406,-0.02555691185905984,-0.002264602369294995,-0.05991381571222304,0.009098484112778058,-0.05490387699877462,-0.0007233606536630466,0.10930670404148418,0.042480085663025274,-0.020564246070580185,-0.01531155030584957,0.11021563195731598,0.02390314733609469,0.03554884295730417,0.02809313051991969
0.02317509711038799,0.016369156640908846,-0.04732986632112422,0.1007699065870945,0.05341791846776758,0.0,-0.10871276433351307,-0.022581154199654417,0.0,-0.009876835025348314,-0.000757934877667843,-0.05808966263113301,0.02034906202852352,-0.04190899984858503,0.02593816644725307,0.04365178033667032,-0.05684959180518732,-0.017341951224732595,0.08487198940930737,-0.05252657567423609,0.028242687548793208,0.2232113024611645,-0.03299713885857303,0.04133239576315081,0.06651864106764366,-0.03181278534575056,-0.020716794930144125,-0.03725646218796287,0.04081011422727476,-0.03471208126345279,0.0637389512339382,-0.040559431562328024,0.011627321091210428,0.06646452450639294,0.03384042298877124,-0.017075573557112433,0.02809313051991969
0.08155947430826829,0.11230014074705376,-0.048087801198792066,-0.09294067696620187,-0.039752554695598734,-0.08901186318100496,-0.06308025075168879,-0.04445176257083361,0.009406414592990775,0.0036544540543204593,0.03395414638578495,0.05168381760400416,0.02034906202852352,0.020125405725597866,0.030969414402654893,-0.02478338574177308,0.00838700375209506,0.05734618241274589,0.1255523776134439,-0.0478375247237979,0.10155805433657905,-0.008229613775156963,-0.0007719246260119786,0.04800715203174734,0.0034953583141687054,0.08043155341793945,0.0007114803606829978,0.08794968062963165,-0.09109554710615898,-0.025882875735065102,0.05003511693068645,-0.027239002339176713,0.011627321091210428,0.06296916619222423,-0.07076925527725482,0.01428997738639124,0.02367188824550244
0.01698230601183682,0.00981483032305459,-0.026337886720089035,-0.0025684905137059386,-0.05170530647761361,0.06628583145358974,-0.07029987541481138,0.02534105093203287,0.1252061428175945,0.046972756779839,0.04732986632112422,0.04227740301101338,0.11527934118486151,-0.03926854153821027,-0.021391699873871153,-0.008709333939855726,-0.05684959180518732,0.007074476541432492,0.006802593867728715,-0.05252657567423609,0.04814013586881147,0.09231049661477311,-0.02671009107326505,0.04445176257083361,0.018596435935956362,-0.10537684923655774,0.03236921217065427,-0.04871108590022345,0.036329204993547665,-0.005887690243317267,-0.05101268675170678,-0.02928343750060502,-0.027293261119954428,0.11021563195731598,0.01195039555407982,0.0226769811384863,0.041413559743070996
0.16278591916135454,0.02140040459631067,-0.01806477088577746,0.0075994334237281976,0.02917561825841605,-0.0023404843837579233,0.05485062880989195,-0.027744956168765524,-0.01764741481081175,0.054527788047500185,0.07833816201378108,0.011098699120532858,0.002979200437807749,-0.005614369079042161,0.12186915055339798,0.010637930772587118,-0.03270426935255012,-0.0150773488554376,0.054724798999416006,-0.009358399296341614,0.002627620489749037,0.1109669636974745,-0.028754526234693358,0.03504534797784283,0.015477069128273563,0.08338160893905089,0.00826651162834418,-0.06496388715231907,0.1403453691301625,-0.046556919261577984,0.07413781747299654,-0.027239002339176713,-0.08220085792806021,-0.03407558588353714,0.01195039555407982,0.004475147063336651,0.02943184892896614
0.06868761248945042,-0.0028942535377476965,-0.019263410178656543,-0.04730816338437759,-0.029815279042922183,-0.0023404843837579233,-0.01494218469297453,-0.02610024128017318,0.006287047785307975,0.02130186886513221,-0.000757934877667843,-0.018324856825889288,8.494690006005234e-05,-0.08740660759692453,0.0,0.06962882807392536,0.03165773180997127,0.026337886720089035,-0.011793842068227648,-0.17292179243974665,0.002627620489749037,0.1449349131291897,-0.02003533480466852,0.04800715203174734,-0.006672565623265431,0.08338160893905089,0.021970345931595928,-0.14349123560668983,0.05319567073469413,-0.033988720609789747,0.054065659936281346,0.023802569600193373,-0.017355985467277877,0.19736533035278434,0.09283132029010947,-0.01841429196615888,0.07318295637988918
0.025439699479682984,-0.0158560575916522,-0.09282747406946372,0.0075994334237281976,-0.039752554695598734,-0.01178356408798892,-0.06308025075168879,-0.006316680877938401,-0.009190021342965588,-0.009876835025348314,0.02451106668155395,0.04652001563489305,0.01279403076086234,-0.12717141340216825,-0.011981710814104858,0.010637930772587118,-0.037125511626967374,-0.017341951224732595,0.044325932760357664,-0.045497040340039985,-0.01362518076234659,0.11685465394079177,-0.007326250943866235,0.056235326658822526,0.043247913009767436,0.08043155341793945,-0.020716794930144125,-0.05490387699877462,0.00944456328377109,-0.07945175413412445,0.023096245533626457,0.02970745980073321,-0.01531155030584957,0.08512099158909432,0.04375825371167516,-0.01841429196615888,0.019263924991532004
-0.0259725390142541,0.00299343670556957,-0.022818799639570272,-0.001845129860042892,-0.04919711797936982,-0.02688464170977658,-0.07029987541481138,-0.01313807449542342,0.005887327512472012,0.03426367291903672,-0.0025427627222485774,0.04856445079632136,0.0012835861929391358,-0.1330391211787488,0.030969414402654893,-0.0998394552700195,-0.03486090925767238,0.007074476541432492,-0.03378252461574258,-0.06668701902101967,0.07731575412722752,-0.008229613775156963,-0.04445176257083361,0.073101792399969,0.1343961641605601,-0.007518127211692198,-0.03414942889698938,0.009673291297656851,0.07246784603724604,-0.11921655993936817,0.04903441198087953,-0.13389311576663107,-0.017355985467277877,0.060704563822929235,0.035485137877363584,-0.01138091052831555,0.04808831601166753
0.04879016416943216,-0.04356348255600841,-0.03925859567040438,-0.0025684905137059386,-0.06176531663115806,-0.016947366057100025,0.0034093365976858997,0.005268893395317678,0.03222521423256105,-0.03930039097177046,-0.0454976077483395,0.04856445079632136,0.02517958726828171,-0.026804347760021857,-0.022149634751538996,0.03962123733107542,-0.08627314775160946,0.009968730079180189,-0.014058444437522643,-0.05372521496711517,0.05213868862413578,0.09231049661477311,0.09515905948013292,0.05090140556949503,-0.006672565623265431,-0.05991381571222304,-0.09278129205404906,0.05021934794660656,0.005949204969602384,0.0,-0.014369506142162047,-0.014676555827262919,0.035730021633520515,0.054511772724378064,0.09283132029010947,0.007468583768906221,0.01998728564519505
0.02317509711038799,0.017369861590715772,0.0018326774342408043,0.027454539799308668,-0.02817056415432984,-0.02688464170977658,0.08499781921978332,-0.01313807449542342,-0.012464193778188417,0.0354623122119158,0.002640458310374759,0.02462998820020163,-0.11324392279599084,-0.1330391211787488,0.003119366807682799,-0.02131210681564876,-0.05684959180518732,0.03136913467549086,-0.07042570522528732,-0.033461099838651705,0.0016180504238212032,0.09231049661477311,0.0010607528082288258,0.01739793316703108,-0.006672565623265431,-0.006718144977528907,-0.011997603500119289,-0.14349123560668983,0.02142627409787595,-0.030304118009482354,0.005354574036057897,-0.040559431562328024,-0.052777301981638075,0.07804651504766183,-0.07076925527725482,0.004475147063336651,0.025936490614797435
0.0194904945100806,0.00299343670556957,0.0018326774342408043,-0.08707296918962132,-0.0008319724844338787,0.004480909233727097,0.06075551901043179,0.09616862954606076,0.12815619833870595,0.07863048858981028,0.07833816201378108,-0.018324856825889288,0.04445176257083361,-0.04445176257083361,-0.03399447274966418,0.13160146096630196,-0.12603795355685318,-0.07370921201249728,-0.008298483754058943,0.05851912379657484,0.13928838701960414,0.09097177820572666,0.005059305563553135,0.025855326634877246,-0.003274172435222829,-0.057238783177843484,-0.010798964207240205,-0.13762352783010925,0.07246784603724604,0.06862631583734766,0.005354574036057897,0.0005318415423171616,-0.036737824403725514,0.11908894102080954,0.03900422495788235,0.02667553389381061,0.041413559743070996
0.16278591916135454,0.03107369589396752,-0.03925859567040438,0.022700511045515855,-0.04109127310464518,0.016066483506983177,0.04445176257083361,-0.031987568792645193,-0.009190021342965588,0.05855833105309508,0.14326085042726913,0.07450261724357443,-0.040584282118200664,-0.01739793316703108,-0.011981710814104858,-0.0998394552700195,0.01238555650741937,-0.023534742323283765,-0.011793842068227648,-0.041016131106312886,0.14223844254071558,0.09097177820572666,0.005059305563553135,0.02935068494904595,0.13734621968167154,-0.03536817480666429,-0.03414942889698938,-0.0330138495640832,-0.05268265818745729,-0.009443079704230996,0.01680919774831848,-0.0013008358919236428,-0.0894204825911828,0.04098048364470929,0.02959781036489157,-0.029028325339127303,0.025936490614797435
-0.06573734481949782,-0.011613444967772533,-0.01806477088577746,-0.09294067696620187,0.0,-0.014902930895671719,-0.06308025075168879,0.05548824134192424,0.004242612623879668,0.14945806720383817,0.1403107949061577,0.03524402157317005,0.02034906202852352,-0.12717141340216825,0.030969414402654893,0.0404532098155093,-0.04153347488093781,-0.005887327512472012,-0.03031124568961827,-0.0978657229115002,0.05213868862413578,0.030183275143544727,-0.03869180188736991,0.019906121665274862,0.022151825396870092,-0.03536817480666429,-0.024959407554023795,-0.005031247955401823,-0.016039477577912555,0.02808025918839795,0.04903441198087953,-0.0013008358919236428,-0.01531155030584957,-0.028207878106956574,-0.0015808935255889542,-0.07198317036521823,0.05098256954941523
0.0194904945100806,0.016369156640908846,0.0,0.04652001563489305,0.0,-0.03705256564721071,-0.03018541587914232,-0.049634983603456945,0.01884949429722177,-0.009876835025348314,0.062034405574182896,0.036582739982216506,-0.024331480866105034,-0.033837729197865186,-0.013320429223151306,-0.008743908163860522,-0.016264473321716016,-0.07370921201249728,0.01325223686639014,-0.0572806044280289,0.008387581173212737,0.103892487156042,0.030236371066644875,0.060716235892549625,-0.005914630745597588,-0.025925095102433297,0.009098484112778058,-0.05311904915419389,-0.002508188498243781,-0.012962166784749759,0.0637389512339382,-0.040559431562328024,-0.00863679403725304,0.011556927698287145,0.050787789045871265,0.0015808935255889542,0.08205626544338274
0.006922295858292363,0.07161975254291723,0.005031247955401823,0.0018394727402644973,0.05341791846776758,0.011035235551581353,0.0017646217090935556,0.02534105093203287,0.006287047785307975,0.030708283458122987,0.052361114276526045,0.014569978046657175,-0.07347911699074712,-0.013842543706117351,0.019383840129398814,0.025244812445929223,-0.00682139361748502,0.02817056415432984,0.01325223686639014,0.020788791113549754,0.004892222859044032,0.11216560299035358,0.030236371066644875,0.04445176257083361,0.023350464689749176,-0.028918531808002867,0.021970345931595928,0.08794968062963165,0.021026553825039984,0.044384015627996126,0.026215612341309254,0.09168009269310982,-0.030788619434123133,0.19736533035278434,0.01814318665263099,0.009809068152664144,0.09836002188298093
